
CREATE TABLE IF NOT EXISTS `cities` (
  `id` int(10) unsigned NOT NULL,
  `country_id` int(10) unsigned NOT NULL DEFAULT '0',
  `zone_id` int(10) unsigned NOT NULL DEFAULT '0',
  `name` varchar(255) NOT NULL DEFAULT '',
  `geocode_id` int(10) unsigned DEFAULT NULL
) ENGINE=InnoDB AUTO_INCREMENT=432846 DEFAULT CHARSET=utf8;

INSERT INTO `cities` (`id`, `zone_id`, `country_id`, `name`, `geocode_id`) VALUES
(16654, 85, 224, 'Andorra la Vella', 4674),
(16656, 87, 224, 'Encamp', 4170301),
(16657, 88, 224, 'Les Escaldes', 4676),
(16659, 90, 224, 'Ordino', 4677),
(217787, 3572, 224, 'Canillo', 4169721),
(217788, 3573, 224, 'La Massana', 152240),
(217789, 3574, 224, 'Sant Julià de Lòria', 205993),
(304519, 3573, 224, 'Arinsal', 249502),
(304520, 3573, 224, 'Pal', 249493),
(304521, 3573, 224, 'Anyos', 249488),
(304522, 3573, 224, 'Erts', 249504),
(304523, 87, 224, 'Pas de la casa', 249486),
(304524, 3572, 224, 'Grau Roig', 249492),
(304525, 3572, 224, 'Soldeu', 249489),
(304526, 3572, 224, 'El Tarter', 249490),
(307622, 90, 224, 'Llorts', 333319),
(307880, 90, 224, 'Segudet', 333311),
(308103, 3573, 224, 'Sispony', 323754),
(308211, 90, 224, 'la Cortinada', 333274),
(308491, 90, 224, 'Arans', 333346),
(355951, 3572, 224, 'Ransol', 4173388),
(406357, 85, 224, 'Santa Coloma de Andorra', 4173392),
(416746, 3574, 224, 'Aixovall', 4195435),
(416747, 3574, 224, 'Fontaneda', 4195436),
(416748, 90, 224, 'El Serrat', 4195437),
(416749, 90, 224, 'Ansalonga', 4195438),
(416750, 87, 224, 'Vila', 4195439);


CREATE TABLE IF NOT EXISTS `countries` (
  `id` int(10) unsigned NOT NULL,
  `name` varchar(255) NOT NULL DEFAULT ''
) ENGINE=InnoDB DEFAULT CHARSET=utf8;

INSERT INTO `countries` (`id`, `name`) VALUES
(224, 'Andorra');


CREATE TABLE IF NOT EXISTS `geocodes` (
  `id` int(10) unsigned NOT NULL,
  `latitude` decimal(10,6) DEFAULT NULL,
  `longitude` decimal(10,6) DEFAULT NULL,
  `accuracy` int(2) unsigned NOT NULL
) ENGINE=InnoDB DEFAULT CHARSET=utf8;

INSERT INTO `geocodes` (`id`, `latitude`, `longitude`, `accuracy`) VALUES
(1, '-1.000000', '-1.000000', 0),
(4674, '42.508781', '1.529310', 6),
(4676, '42.508801', '1.539431', 6),
(4677, '42.559532', '1.531738', 6),
(35500, '-1.000000', '-1.000000', 0),
(35533, '-1.000000', '-1.000000', 0),
(36398, '42.565884', '1.365159', 6),
(152240, '42.552044', '1.510811', 6),
(153113, '42.733570', '1.363175', 6),
(175454, '42.507504', '1.521803', 6),
(178622, '42.361042', '1.552352', 6),
(182122, '42.507504', '1.521803', 6),
(205993, '42.465031', '1.491064', 9),
(227119, '42.531555', '1.527563', 6),
(243016, '42.508990', '1.528960', 8),
(243405, '42.500000', '1.533300', 8),
(243501, '42.557500', '1.532500', 8),
(244468, '42.509060', '1.543520', 8),
(249486, '42.542336', '1.733827', 4),
(249488, '42.534592', '1.524983', 4),
(249489, '42.576897', '1.667764', 4),
(249490, '42.580345', '1.648928', 4),
(249492, '42.532627', '1.700353', 4),
(249493, '42.544682', '1.475461', 4),
(249502, '42.572067', '1.483909', 4),
(249504, '42.561634', '1.496568', 4),
(249834, '42.572069', '1.483909', 8),
(249836, '42.572067', '1.483909', 8),
(249841, '42.580347', '1.648928', 8),
(252578, '42.532629', '1.700353', 8),
(283592, '42.503822', '1.514090', 8),
(293252, '42.605092', '1.505061', 8),
(293369, '42.454262', '1.494211', 8),
(294408, '42.548215', '1.785886', 8),
(294719, '42.570602', '1.602456', 8),
(296200, '42.535133', '1.515855', 8),
(296856, '42.574974', '1.518020', 8),
(296862, '42.576873', '1.666883', 8),
(300579, '42.540562', '1.729862', 8),
(303070, '42.578176', '1.731420', 10),
(304789, '42.579440', '1.695085', 8),
(314021, '42.507504', '1.521803', 6),
(322052, '42.507825', '1.523560', 8),
(323754, '42.533794', '1.516066', 4),
(333274, '42.574974', '1.518021', 4),
(333311, '42.549999', '1.533333', 9),
(333319, '42.596237', '1.526826', 4),
(333346, '42.582352', '1.518434', 4),
(385216, '-1.000000', '-1.000000', 8),
(589269, '42.568750', '1.618750', 8),
(962638, '42.563291', '1.600528', 8),
(1215434, '42.508806', '1.522465', 8),
(1217611, '42.506400', '1.515825', 8),
(1221160, '42.505637', '1.519740', 8),
(1225238, '42.509167', '1.556172', 6),
(1226381, '42.503290', '1.519567', 8),
(1226767, '42.507927', '1.541806', 6),
(1227042, '42.439453', '1.523922', 9),
(1230755, '42.507824', '1.522098', 8),
(1232069, '42.563011', '1.494994', 6),
(1235576, '42.533414', '1.480150', 10),
(1235803, '42.555270', '1.506492', 6),
(1235990, '42.508781', '1.529310', 9),
(1236819, '42.508948', '1.538966', 8),
(1237792, '42.541192', '1.733321', 8),
(1237793, '42.544680', '1.475461', 8),
(1237795, '42.541192', '1.733321', 8),
(1237839, '42.541192', '1.733321', 8),
(1237840, '42.541192', '1.733321', 8),
(1237841, '42.541192', '1.733321', 8),
(1237892, '42.566869', '1.599454', 6),
(1238146, '42.508395', '1.532769', 10),
(1238341, '42.509070', '1.529295', 8),
(1238748, '42.534600', '1.524990', 8),
(1238751, '42.544680', '1.475460', 8),
(1238963, '42.555427', '1.508786', 8),
(1239043, '42.560398', '1.684191', 8),
(1239787, '42.541192', '1.733321', 10),
(1240292, '42.508653', '1.530698', 8),
(1240619, '42.563860', '1.601214', 10),
(1240982, '42.631692', '1.500502', 9),
(1241054, '42.491944', '1.595556', 10),
(1245641, '42.568221', '1.589649', 10),
(1246620, '42.563290', '1.600528', 10),
(1246662, '42.536707', '1.489951', 9),
(1246721, '42.519434', '1.570357', 10),
(1248531, '42.511500', '1.537230', 10),
(1248972, '42.508533', '1.526767', 6),
(1250428, '42.509204', '1.539713', 6),
(1251238, '42.576775', '1.667991', 10),
(1254899, '-1.000000', '-1.000000', 1),
(1255632, '42.533392', '1.525013', 10),
(1256226, '42.594061', '1.526844', 6),
(1256349, '42.570843', '1.607879', 9),
(1256351, '42.507949', '1.524812', 10),
(1264494, '42.509477', '1.523346', 8),
(1267132, '42.556667', '1.532573', 10),
(1268744, '42.541192', '1.733321', 9),
(1274856, '42.506943', '1.520043', 8),
(1286609, '42.511456', '1.548118', 6),
(1304802, '42.596338', '1.527076', 6),
(1304804, '42.507922', '1.524825', 8),
(1304806, '42.507635', '1.531930', 8),
(1316681, '42.542810', '1.733798', 6),
(1333432, '42.508385', '1.526982', 10),
(1371381, '42.508626', '1.539933', 6),
(1371391, '42.507412', '1.530944', 8),
(1384941, '42.507829', '1.523522', 8),
(1398991, '42.572485', '1.483209', 10),
(1405211, '42.532954', '1.577802', 10),
(1406411, '41.957513', '1.881677', 10),
(1406421, '42.506873', '1.532326', 8),
(1410601, '42.568224', '1.521944', 10),
(1465231, '42.574321', '1.665544', 10),
(1473661, '42.508781', '1.529310', 10),
(1488011, '42.437362', '1.490836', 10),
(1488111, '42.507531', '1.521816', 10),
(1491531, '42.507746', '1.520383', 8),
(1495291, '41.996163', '1.521367', 10),
(1579361, '42.546894', '1.513900', 8),
(1581441, '42.504440', '1.526070', 8),
(1616141, '42.535951', '1.582021', 8),
(1657421, '42.508863', '1.529146', 8),
(1673571, '42.511353', '1.538847', 6),
(1680241, '42.503090', '1.513210', 8),
(1686241, '42.506540', '1.518424', 8),
(1686491, '42.511353', '1.538847', 10),
(1686551, '42.500603', '1.518623', 10),
(1688631, '42.507297', '1.534471', 8),
(1689811, '42.559531', '1.531738', 6),
(1690161, '42.545911', '1.475366', 6),
(1691421, '42.534129', '1.525716', 8),
(1700231, '42.508268', '1.531380', 8),
(1700281, '42.509059', '1.529454', 8),
(1702201, '42.506937', '1.534245', 10),
(1702211, '42.575783', '1.670495', 10),
(1857931, '42.509438', '1.529224', 9),
(1868671, '42.512068', '1.533864', 9),
(1883871, '42.582079', '1.664193', 10),
(1885301, '42.576944', '1.667222', 8),
(1903181, '42.464793', '1.490997', 9),
(1949281, '42.578114', '1.648293', 10),
(1964041, '42.543742', '1.734125', 6),
(1969581, '42.507777', '1.520415', 10),
(1972571, '42.582898', '1.662679', 10),
(1983181, '42.577773', '1.653885', 10),
(1996521, '42.511615', '1.537170', 10),
(2013081, '42.536222', '1.583061', 6),
(2018341, '42.505637', '1.519741', 8),
(2018351, '42.507042', '1.532609', 8),
(2018361, '42.507933', '1.524498', 8),
(2018371, '42.596772', '1.526919', 10),
(2024361, '42.510186', '1.540929', 6),
(2053641, '-1.000000', '-1.000000', 0),
(2077811, '42.562985', '1.494859', 10),
(2107691, '42.508450', '1.527826', 8),
(2117521, '42.534236', '1.580716', 50),
(2118661, '42.532101', '1.573770', 50),
(2118781, '42.559320', '1.503496', 50),
(2127851, '42.478115', '1.472014', 50),
(2144621, '42.507395', '1.519568', 50),
(2331461, '42.533393', '1.525013', 50),
(2354951, '42.566092', '1.596701', 8),
(2381081, '42.555459', '1.533298', 8),
(2402481, '42.580095', '1.646206', 50),
(2519091, '42.508385', '1.526982', 50),
(2676631, '42.506990', '1.534180', 50),
(2714511, '42.546245', '1.601554', 8),
(2722031, '42.545444', '1.519087', 8),
(2723001, '42.641944', '1.486111', 8),
(2793111, '42.554004', '1.590401', 8),
(2793131, '42.571141', '1.608245', 8),
(2809531, '-22.748077', '-41.881315', 8),
(2832961, '42.566648', '1.599724', 50),
(2836481, '42.580301', '1.647283', 50),
(2843041, '42.561660', '1.496614', 8),
(2895331, '42.556667', '1.532573', 50),
(2896551, '42.533794', '1.516016', 8),
(2906061, '42.641944', '1.486111', 8),
(2949861, '42.641944', '1.486111', 8),
(2951861, '42.535134', '1.583731', 8),
(2952151, '42.509204', '1.539713', 50),
(2972561, '42.542550', '1.517500', 50),
(3091161, '42.536449', '1.587610', 21),
(3091381, '42.507516', '1.527475', 21),
(3093881, '42.555550', '1.535050', 21),
(3096931, '42.547168', '1.514826', 21),
(3097471, '42.446614', '1.494430', 21),
(3099421, '42.507754', '1.527164', 21),
(3103701, '42.505927', '1.520405', 21),
(3105551, '42.541173', '1.519122', 21),
(3105781, '42.465101', '1.491265', 21),
(3106311, '42.508315', '1.527143', 21),
(3107191, '42.533279', '1.518002', 21),
(3107231, '42.507437', '1.519686', 21),
(3108551, '42.547406', '1.513424', 21),
(3108871, '42.534760', '1.587504', 21),
(3111341, '42.467483', '1.493577', 21),
(3114571, '42.534605', '1.588057', 21),
(3114751, '42.532398', '1.574167', 21),
(3118701, '42.547156', '1.513329', 21),
(3119471, '42.532994', '1.587052', 21),
(3121271, '42.467323', '1.492260', 21),
(3123051, '42.503079', '1.513281', 21),
(3124301, '42.574068', '1.482124', 21),
(3126581, '42.571287', '1.521735', 21),
(3126981, '42.507000', '1.524000', 21),
(3127001, '42.509185', '1.518688', 21),
(3129001, '42.576897', '1.667764', 21),
(3132141, '42.533210', '1.579140', 21),
(3137901, '42.543224', '1.732257', 21),
(3138721, '42.537398', '1.582546', 21),
(3142191, '42.500000', '1.523000', 21),
(3142201, '42.500000', '1.529000', 21),
(3146761, '42.545161', '1.523902', 21),
(3147591, '42.508773', '1.540146', 21),
(3147821, '42.508331', '1.539202', 21),
(3148281, '42.507421', '1.538526', 21),
(3148601, '42.579440', '1.480322', 21),
(3153211, '42.509446', '1.539438', 21),
(3153561, '42.508015', '1.534138', 21),
(3157101, '42.510443', '1.547232', 21),
(3157431, '42.576873', '1.667272', 21),
(3158081, '42.458246', '1.487660', 21),
(3158811, '42.515457', '1.531128', 21),
(3158871, '42.568498', '1.489495', 21),
(3159031, '42.557184', '1.532797', 21),
(3160471, '42.508689', '1.539701', 21),
(3161261, '42.548338', '1.733866', 21),
(3161271, '42.579630', '1.647949', 21),
(3161281, '42.572344', '1.484033', 21),
(3162571, '42.577481', '1.517572', 21),
(3164791, '42.576028', '1.667347', 21),
(3166531, '42.574890', '1.482124', 21),
(3167351, '42.508307', '1.539706', 21),
(3167561, '42.540046', '1.720240', 21),
(3170261, '42.560398', '1.684191', 21),
(3170271, '42.541544', '1.731338', 21),
(3193671, '42.618802', '1.539974', 21),
(3213681, '42.577790', '1.627490', 21),
(3285071, '42.568750', '1.618750', 21),
(3382971, '42.543320', '1.734870', 21),
(3383771, '42.581330', '1.638040', 21),
(3385901, '42.581240', '1.638140', 21),
(3386691, '42.540465', '1.731281', 21),
(3387221, '42.508450', '1.533700', 21),
(3387231, '42.507410', '1.518920', 21),
(3387241, '42.561348', '1.497517', 21),
(3387251, '42.510470', '1.541315', 21),
(3387261, '42.510660', '1.541090', 21),
(3387271, '42.552859', '1.533167', 21),
(3580171, '42.560106', '1.685232', 21),
(3580181, '42.583770', '1.663227', 21),
(3580191, '42.577260', '1.665759', 21),
(3580201, '42.461919', '1.487371', 21),
(3580211, '42.541248', '1.732154', 21),
(3580221, '42.541999', '1.732289', 21),
(3580231, '42.550045', '1.736183', 21),
(3580241, '42.540562', '1.729862', 21),
(3580251, '42.544398', '1.731318', 21),
(3580261, '42.541746', '1.731473', 21),
(3580271, '42.542015', '1.732473', 21),
(3580281, '42.542378', '1.730711', 21),
(3580291, '42.550078', '1.535178', 21),
(3580311, '42.599744', '1.531547', 21),
(3580321, '42.596338', '1.527076', 21),
(3580331, '42.537667', '1.586494', 21),
(3580341, '42.532987', '1.578040', 21),
(3580351, '42.580318', '1.642259', 21),
(3580361, '42.566238', '1.598543', 21),
(3580371, '42.563054', '1.594348', 21),
(3580381, '42.569375', '1.604476', 21),
(3580391, '42.573563', '1.483111', 21),
(3580401, '42.573357', '1.483216', 21),
(3580411, '42.508588', '1.530662', 21),
(3580421, '42.507077', '1.520523', 21),
(3580431, '42.504811', '1.515083', 21),
(3580441, '42.508268', '1.522422', 21),
(3646991, '42.559411', '1.686251', 21),
(3647001, '42.541200', '1.731842', 21),
(3647011, '42.543192', '1.732975', 21),
(3647021, '42.537572', '1.582836', 21),
(3647031, '42.527995', '1.569274', 21),
(3647831, '42.573531', '1.518173', 21),
(3700271, '42.576897', '1.667764', 21),
(3700291, '42.543034', '1.734874', 21),
(3700301, '42.541698', '1.732750', 21),
(3700311, '42.544398', '1.731318', 21),
(3700321, '42.540562', '1.729862', 21),
(3700331, '42.541192', '1.733321', 21),
(3700341, '42.553783', '1.533721', 21),
(3700351, '42.561236', '1.496458', 21),
(3700361, '42.564460', '1.493111', 21),
(3700371, '42.534876', '1.580272', 21),
(3700381, '42.532465', '1.576495', 21),
(3700391, '42.577578', '1.664956', 21),
(3700401, '42.572899', '1.483959', 21),
(3700411, '42.571730', '1.484442', 21),
(3700421, '42.573634', '1.483020', 21),
(3700431, '42.532370', '1.525254', 21),
(3700441, '42.507983', '1.525233', 21),
(3814541, '42.508774', '1.522166', 8),
(3830937, '42.580223', '1.663898', 21),
(3830938, '42.459774', '1.491383', 21),
(3830939, '42.541611', '1.731347', 21),
(3830940, '42.542336', '1.733828', 21),
(3830941, '42.540562', '1.729862', 21),
(3830942, '42.541517', '1.733777', 21),
(3830943, '42.541469', '1.731580', 21),
(3830944, '42.540562', '1.729862', 21),
(3830945, '42.540562', '1.729862', 21),
(3830946, '42.540562', '1.729862', 21),
(3830947, '42.540562', '1.729862', 21),
(3830948, '42.541200', '1.731842', 21),
(3830950, '42.540562', '1.729862', 21),
(3830951, '42.542336', '1.733828', 21),
(3830953, '42.579551', '1.641587', 21),
(3830954, '42.561600', '1.601229', 21),
(3847059, '42.507208', '1.534224', 21),
(3847072, '42.578575', '1.657578', 21),
(3847079, '42.583719', '1.664043', 21),
(3847092, '42.583777', '1.663249', 21),
(3877567, '42.580357', '1.663549', 21),
(3877568, '42.576897', '1.667764', 21),
(3877569, '42.577026', '1.668334', 21),
(3877570, '42.535208', '1.515877', 21),
(3877571, '42.462164', '1.487671', 21),
(3877572, '42.544398', '1.731318', 21),
(3877573, '42.541738', '1.731956', 21),
(3877574, '42.543295', '1.731559', 21),
(3877576, '42.540692', '1.731076', 21),
(3877577, '42.541746', '1.732675', 21),
(3877578, '42.540860', '1.730754', 21),
(3877579, '42.543564', '1.734102', 21),
(3877580, '42.539422', '1.733490', 21),
(3877582, '42.541608', '1.731990', 21),
(3877583, '42.542544', '1.734370', 21),
(3877584, '42.540022', '1.729853', 21),
(3877589, '42.543319', '1.733168', 21),
(3877593, '42.541200', '1.731842', 21),
(3877595, '42.542336', '1.733828', 21),
(3877596, '42.541888', '1.732665', 21),
(3877597, '42.541500', '1.731792', 21),
(3877598, '42.555459', '1.533298', 21),
(3877599, '42.556742', '1.533221', 21),
(3877600, '42.561615', '1.496565', 21),
(3877601, '42.544945', '1.515370', 21),
(3877602, '42.574259', '1.518276', 21),
(3877604, '42.534619', '1.587101', 21),
(3877606, '42.532417', '1.576517', 21),
(3877607, '42.536331', '1.583111', 21),
(3877608, '42.579124', '1.649875', 21),
(3877609, '42.579456', '1.641297', 21),
(3877610, '42.580334', '1.641912', 21),
(3877611, '42.579053', '1.649623', 21),
(3877612, '42.579583', '1.642606', 21),
(3877613, '42.580347', '1.648928', 21),
(3877614, '42.577987', '1.653271', 21),
(3877615, '42.579561', '1.652190', 21),
(3877616, '42.579107', '1.653260', 21),
(3877617, '42.569012', '1.678162', 21),
(3877618, '42.567684', '1.601461', 21),
(3877619, '42.567313', '1.601016', 21),
(3877620, '42.567076', '1.601633', 21),
(3877621, '42.564429', '1.598554', 21),
(3877622, '42.569375', '1.605463', 21),
(3877625, '42.509501', '1.530651', 21),
(3877626, '42.503823', '1.514096', 21),
(3877627, '42.508930', '1.533102', 21),
(3877628, '42.504650', '1.514447', 21),
(3877629, '42.509825', '1.531237', 21),
(3877630, '42.500306', '1.525453', 21),
(3877631, '42.506885', '1.520999', 21),
(3968644, '42.553049', '1.487360', 21),
(3968645, '42.553112', '1.487446', 21),
(3968651, '42.553890', '1.590180', 21),
(3968652, '42.508908', '1.539760', 21),
(3968653, '42.510577', '1.542206', 21),
(3968654, '42.509229', '1.545510', 21),
(3968655, '42.508948', '1.538966', 21),
(3968657, '42.508700', '1.539933', 21),
(3968658, '42.509217', '1.544094', 21),
(3968659, '42.509422', '1.541004', 21),
(3968660, '42.508999', '1.543053', 21),
(3968661, '42.513798', '1.533325', 21),
(3968662, '42.508624', '1.536477', 21),
(3968664, '42.512934', '1.534975', 21),
(3968665, '42.508952', '1.539384', 21),
(3968668, '42.543562', '1.523385', 21),
(3968669, '42.543619', '1.523044', 21),
(3968675, '42.619817', '1.539647', 21),
(3968677, '42.617570', '1.538022', 21),
(3968678, '42.568759', '1.522293', 21),
(3968680, '42.582916', '1.663055', 21),
(3968681, '42.545549', '1.476191', 21),
(3968692, '42.577608', '1.628380', 21),
(3968694, '42.453918', '1.463072', 21),
(3968695, '42.483660', '1.458032', 21),
(3968696, '42.476481', '1.490214', 21),
(3968698, '42.559126', '1.686214', 21),
(3988499, '42.581971', '1.518830', 21),
(4014192, '42.571694', '1.484766', 50),
(4015966, '42.544022', '1.733209', 50),
(4016167, '42.549330', '1.675000', 8),
(4016699, '42.578176', '1.731420', 50),
(4016911, '42.545466', '1.474416', 8),
(4018040, '42.508420', '1.535563', 50),
(4018294, '42.596337', '1.527076', 50),
(4020005, '42.575652', '1.669278', 50),
(4020009, '42.509511', '1.539177', 50),
(4020281, '42.508781', '1.529310', 50),
(4020437, '42.546020', '1.516703', 8),
(4020501, '42.546002', '1.517058', 8),
(4020824, '42.547643', '1.516871', 50),
(4021071, '42.505667', '1.529452', 8),
(4021695, '-1.234938', '-78.637460', 8),
(4022525, '42.506905', '1.521061', 8),
(4024421, '42.506285', '1.521801', 8),
(4024447, '42.631307', '1.482468', 50),
(4024989, '42.596880', '1.676155', 8),
(4024990, '42.596880', '1.676155', 8),
(4026523, '42.506317', '1.521835', 8),
(4026769, '42.536265', '1.583022', 8),
(4032956, '42.576260', '1.459734', 8),
(4034781, '42.549999', '1.640000', 10),
(4038379, '42.507599', '1.520407', 10),
(4038699, '42.534698', '1.580115', 10),
(4039049, '42.508266', '1.531308', 10),
(4044418, '-1.000000', '-1.000000', 0),
(4064486, '42.582898', '1.662679', 10),
(4077810, '42.546192', '1.731530', 50),
(4086514, '42.538892', '1.587118', 50),
(4086584, '42.508429', '1.533434', 8),
(4087072, '42.511670', '1.536833', 8),
(4089979, '42.536777', '1.516693', 50),
(4090129, '42.556648', '1.533787', 50),
(4090193, '42.508626', '1.539933', 50),
(4092812, '-1.000000', '-1.000000', 0),
(4095222, '42.471120', '1.876911', 8),
(4096852, '42.535078', '1.584381', 50),
(4099423, '42.596772', '1.526919', 50),
(4100400, '34.244500', '36.048170', 8),
(4100492, '42.596236', '1.526826', 50),
(4101773, '42.511614', '1.537170', 50),
(4102260, '42.508620', '1.529206', 8),
(4104325, '42.560257', '1.765756', 8),
(4106061, '42.534822', '1.579203', 50),
(4106449, '42.508933', '1.529155', 50),
(4108127, '42.509261', '1.529485', 8),
(4108129, '42.540562', '1.729862', 8),
(4108143, '42.536260', '1.582589', 8),
(4108155, '42.542386', '1.732289', 8),
(4108467, '43.277332', '-2.957407', 8),
(4109900, '40.743000', '-4.321667', 8),
(4110169, '36.091560', '-113.187990', 8),
(4110830, '5.185829', '-72.580110', 8),
(4111222, '43.329840', '-2.855288', 8),
(4113042, '41.673897', '2.174190', 8),
(4113055, '42.591033', '1.443460', 8),
(4118214, '39.579132', '2.349564', 8),
(4119192, '42.567391', '1.602348', 50),
(4120327, '-16.538116', '-68.095380', 8),
(4120546, '-19.423557', '-44.246564', 8),
(4121472, '0.869269', '-79.855910', 8),
(4128330, '31.818170', '50.009250', 8),
(4129816, '42.564650', '1.492025', 50),
(4132303, '42.542903', '1.493459', 8),
(4132311, '42.542847', '1.492447', 8),
(4132314, '42.511226', '1.537999', 8),
(4132327, '42.508720', '1.537885', 8),
(4132993, '42.580183', '1.651143', 50),
(4137987, '42.556738', '1.533662', 50),
(4139779, '40.496365', '-3.373213', 8),
(4146183, '42.634527', '1.489935', 50),
(4146339, '42.507336', '1.533083', 8),
(4149553, '42.578624', '1.649919', 8),
(4152766, '42.504566', '1.515104', 50),
(4152924, '42.598171', '1.529089', 50),
(4153176, '42.578578', '1.649868', 50),
(4162805, '42.511193', '1.537971', 8),
(4166484, '42.567391', '1.602349', 50),
(4167171, '42.576844', '1.666812', 50),
(4167332, '42.511596', '1.537342', 50),
(4169721, '42.566432', '1.599684', 8),
(4170301, '42.535374', '1.582603', 8),
(4173388, '42.579296', '1.642728', 8),
(4173392, '42.500000', '1.500000', 8),
(4182725, '42.567556', '1.597750', 8),
(4195435, '42.476354', '1.489493', 7),
(4195436, '42.454083', '1.463423', 7),
(4195437, '42.618581', '1.538683', 7),
(4195438, '42.568680', '1.521024', 7),
(4195439, '42.531868', '1.566742', 7),
(4207536, '42.540278', '1.718889', 8),
(4211143, '42.490931', '1.588712', 8),
(4212113, '42.506601', '1.520476', 8),
(4212450, '42.534969', '1.524476', 8),
(4212451, '42.541200', '1.732624', 8),
(4215561, '42.554560', '1.590850', 8),
(4219473, '0.000000', '0.000000', 8),
(4219698, '42.508776', '1.522164', 8),
(4220260, '42.591858', '1.443626', 8),
(4220396, '42.507042', '1.532609', 8),
(4220407, '42.517468', '0.848656', 8),
(4221359, '42.537018', '1.583012', 8),
(4223686, '42.538899', '1.587055', 8),
(4225620, '42.545974', '1.475147', 8),
(4227301, '42.434967', '1.521192', 8),
(4255134, '42.533311', '1.516284', 50),
(4257241, '42.497280', '1.508977', 7),
(4330299, '42.576200', '1.668426', 7),
(4330312, '42.576130', '1.669443', 7),
(4330427, '42.567530', '1.597774', 7),
(4330462, '42.565773', '1.596969', 7),
(4330519, '42.566174', '1.603170', 7),
(4330524, '42.566174', '1.603170', 7),
(4330533, '42.561066', '1.601950', 7),
(4330558, '42.584633', '1.470776', 7),
(4330567, '42.542800', '1.492420', 7),
(4330588, '42.561500', '1.497125', 7),
(4330597, '42.572945', '1.483777', 7),
(4330605, '42.570660', '1.486569', 7),
(4330634, '42.561478', '1.497912', 7),
(4330652, '42.546100', '1.476123', 7),
(4330666, '42.545975', '1.475148', 7),
(4330673, '19.520962', '-96.864840', 7),
(4330697, '42.543150', '1.516990', 7),
(4330707, '42.546223', '1.514248', 7),
(4330726, '42.527010', '1.520238', 7),
(4330746, '42.552055', '1.510717', 7),
(4330787, '42.578846', '1.629181', 7),
(4330815, '42.546345', '1.524710', 7),
(4330848, '42.533100', '1.514749', 7),
(4330864, '42.553180', '1.487583', 7),
(4330876, '42.464590', '1.491670', 7),
(4330891, '42.439075', '1.493069', 7),
(4330898, '42.466770', '1.492419', 7),
(4330909, '42.447903', '1.482203', 7),
(4330916, '42.447903', '1.482203', 7),
(4330933, '42.454445', '1.463611', 7),
(4330939, '42.453370', '1.462033', 7),
(4330946, '42.453300', '1.461885', 7),
(4330951, '42.453370', '1.462033', 7),
(4330989, '42.508484', '1.534773', 7),
(4331004, '42.500000', '1.533330', 7),
(4331009, '42.510868', '1.559555', 7),
(4331041, '42.510350', '1.541040', 7),
(4331072, '42.513050', '1.559156', 7),
(4331103, '42.513206', '1.538071', 7),
(4331134, '42.508522', '1.535707', 7),
(4331152, '42.497448', '1.513935', 7),
(4331166, '42.497430', '1.513944', 7),
(4331173, '42.497448', '1.513935', 7),
(4331179, '42.497448', '1.513935', 7),
(4331221, '42.499470', '1.524180', 7),
(4331243, '42.552350', '1.546561', 7),
(4331262, '42.493965', '1.497870', 7),
(4331294, '42.552350', '1.546561', 7),
(4331322, '42.493600', '1.497176', 7),
(4331354, '42.583140', '1.519366', 7),
(4331373, '42.493600', '1.497176', 7),
(4331440, '42.596450', '1.527223', 7),
(4331449, '42.596450', '1.527223', 7),
(4331514, '42.541454', '1.733319', 7),
(4331590, '42.507540', '1.521830', 7),
(4331597, '42.510540', '1.529975', 7),
(4331603, '42.508427', '1.520019', 7),
(4331607, '42.505230', '1.546326', 7),
(4331614, '42.498370', '1.530555', 7),
(4331617, '42.502140', '1.519938', 7),
(4331623, '42.503216', '1.519649', 7),
(4331628, '42.506370', '1.522240', 7),
(4331642, '42.502716', '1.513096', 7),
(4331646, '42.496647', '1.498649', 7),
(4331662, '42.541310', '1.732033', 7),
(4331719, '42.541220', '1.732620', 7),
(4331843, '42.532960', '1.578130', 7),
(4331854, '42.534170', '1.581578', 7),
(4331866, '42.535180', '1.582899', 7),
(4331873, '42.538060', '1.733262', 7),
(4331879, '42.534450', '1.576961', 7),
(4331886, '42.516315', '1.553484', 7),
(4331893, '42.534985', '1.576780', 7),
(4331898, '42.535440', '1.586819', 7),
(4331906, '42.538060', '1.733262', 7),
(4331923, '42.538060', '1.733262', 7),
(4331933, '42.535440', '1.586819', 7),
(4504520, '42.506973', '1.519985', 7),
(4524273, '42.506668', '1.520833', 7),
(4524274, '42.508340', '1.530300', 7),
(4749539, '42.577570', '1.664857', 7),
(4749555, '42.577625', '1.665795', 7),
(4749650, '42.577244', '1.667339', 7),
(4749714, '42.559475', '1.589277', 7),
(4749725, '42.576130', '1.669443', 7),
(4749740, '42.577750', '1.662816', 7),
(4749747, '42.577880', '1.663982', 7),
(4749792, '42.582615', '1.662345', 7),
(4749824, '42.579334', '1.659167', 7),
(4749881, '42.581630', '1.638057', 7),
(4749898, '42.567390', '1.602348', 7),
(4749901, '42.581630', '1.638057', 7),
(4749912, '42.579830', '1.649511', 7),
(4749918, '42.579666', '1.651500', 7),
(4749926, '42.578564', '1.651211', 7),
(4749936, '42.578564', '1.651211', 7),
(4749947, '42.554165', '1.590556', 7),
(4749983, '42.564228', '1.595673', 7),
(4750029, '42.545185', '1.733628', 7),
(4750049, '42.566060', '1.598335', 7),
(4750090, '42.566060', '1.598335', 7),
(4750094, '42.566700', '1.600000', 7),
(4750098, '42.566174', '1.603170', 7),
(4750136, '42.545185', '1.733628', 7),
(4750142, '42.553253', '1.590068', 7),
(4750147, '42.566060', '1.598335', 7),
(4750157, '42.559074', '1.602334', 7),
(4750166, '42.579853', '1.652952', 7),
(4750189, '42.566700', '1.600000', 7),
(4750196, '42.566000', '1.597333', 7),
(4750203, '42.568050', '1.602590', 7),
(4750226, '42.545185', '1.733628', 7),
(4750243, '42.572060', '1.483880', 7),
(4750248, '42.545444', '1.519087', 7),
(4750257, '42.571880', '1.484324', 7),
(4750278, '42.572945', '1.483777', 7),
(4750292, '42.572945', '1.483777', 7),
(4750296, '42.552960', '1.528831', 7),
(4750314, '42.572230', '1.483128', 7),
(4750323, '42.584633', '1.470776', 7),
(4750330, '42.561500', '1.497125', 7),
(4750337, '42.572945', '1.483777', 7),
(4750378, '42.561317', '1.497539', 7),
(4750384, '42.581130', '1.519275', 7),
(4750398, '42.545284', '1.477197', 7),
(4750426, '42.544876', '1.513689', 7),
(4750442, '42.543163', '1.516983', 7),
(4750452, '42.545166', '1.514816', 7),
(4750466, '42.543150', '1.516990', 7),
(4750476, '42.546000', '1.517058', 7),
(4750496, '41.378560', '2.127610', 7),
(4750503, '42.544907', '1.515296', 7),
(4750529, '42.538937', '1.519405', 7),
(4750537, '42.561150', '1.496270', 7),
(4750560, '42.579100', '1.631395', 7),
(4750578, '42.532790', '1.516303', 7),
(4750585, '42.535538', '1.516043', 7),
(4750602, '42.533800', '1.525500', 7),
(4750611, '42.534466', '1.524353', 7),
(4750634, '42.476160', '1.488483', 7),
(4750650, '42.483660', '1.458032', 7),
(4750669, '42.468520', '1.492528', 7),
(4750678, '42.463040', '1.491080', 7),
(4750699, '42.466130', '1.492994', 7),
(4750705, '42.470150', '1.493193', 7),
(4750715, '42.469242', '1.492700', 7),
(4750723, '42.470078', '1.493188', 7),
(4750731, '42.469470', '1.493187', 7),
(4750740, '42.461140', '1.489310', 7),
(4750747, '42.465060', '1.491770', 7),
(4750758, '42.447903', '1.482203', 7),
(4750765, '42.468044', '1.493645', 7),
(4750773, '42.466130', '1.493002', 7),
(4750785, '42.470030', '1.493186', 7),
(4750793, '42.469190', '1.493211', 7),
(4750799, '42.462420', '1.491010', 7),
(4750807, '42.447903', '1.482203', 7),
(4750817, '42.465214', '1.491176', 7),
(4750825, '42.468044', '1.493630', 7),
(4750829, '42.468650', '1.493255', 7),
(4750837, '42.467670', '1.493160', 7),
(4750845, '42.442513', '1.508791', 7),
(4750852, '42.467754', '1.492413', 7),
(4750862, '42.461480', '1.490330', 7),
(4750873, '42.462517', '1.489374', 7),
(4750896, '42.508830', '1.539500', 7),
(4750904, '42.500000', '1.533330', 7),
(4750915, '42.507824', '1.538601', 7),
(4750935, '42.508984', '1.538737', 7),
(4750949, '42.508190', '1.534199', 7),
(4750959, '42.511093', '1.538424', 7),
(4750969, '42.508118', '1.535540', 7),
(4750978, '42.492660', '1.496888', 7),
(4750990, '42.506046', '1.531916', 7),
(4751006, '42.508545', '1.535985', 7),
(4751015, '42.509014', '1.536023', 7),
(4751023, '42.508120', '1.534135', 7),
(4751031, '42.508137', '1.526721', 7),
(4751040, '42.508144', '1.527700', 7),
(4751046, '42.506733', '1.532058', 7),
(4751071, '42.508633', '1.539029', 7),
(4751078, '42.511020', '1.540298', 7),
(4751093, '42.509014', '1.536023', 7),
(4751101, '42.508156', '1.527139', 7),
(4751108, '42.507830', '1.534200', 7),
(4751125, '42.507690', '1.534286', 7),
(4751131, '42.509544', '1.539625', 7),
(4751144, '42.535645', '1.527008', 7),
(4751158, '42.509186', '1.539397', 7),
(4751165, '42.509014', '1.536023', 7),
(4751173, '42.508137', '1.535398', 7),
(4751181, '42.512540', '1.536263', 7),
(4751189, '42.510838', '1.538079', 7),
(4751196, '42.508846', '1.535084', 7),
(4751204, '42.510838', '1.538079', 7),
(4751227, '42.508358', '1.535897', 7),
(4751235, '42.508710', '1.537665', 7),
(4751245, '42.508380', '1.537859', 7),
(4751254, '42.509014', '1.536023', 7),
(4751264, '42.508160', '1.526999', 7),
(4751272, '42.507670', '1.531860', 7),
(4751295, '42.508630', '1.540080', 7),
(4751325, '42.618862', '1.539385', 7),
(4751366, '42.552350', '1.546561', 7),
(4751375, '42.556730', '1.533260', 7),
(4751384, '42.556732', '1.537013', 7),
(4751392, '42.556700', '1.533231', 7),
(4751422, '42.556644', '1.533711', 7),
(4751432, '42.552350', '1.546561', 7),
(4751441, '42.596478', '1.527004', 7),
(4751459, '42.552350', '1.546561', 7),
(4751469, '42.556423', '1.532611', 7),
(4751478, '42.582413', '1.519156', 7),
(4751501, '42.590170', '1.524363', 7),
(4751509, '42.590170', '1.524363', 7),
(4751545, '42.596500', '1.526500', 7),
(4751582, '42.509270', '1.530238', 7),
(4751593, '42.501220', '1.513850', 7),
(4751608, '42.508960', '1.521040', 7),
(4751619, '42.507954', '1.522400', 7),
(4751657, '42.507763', '1.521940', 7),
(4751666, '42.508150', '1.521685', 7),
(4751675, '42.507126', '1.526025', 7),
(4751685, '42.508330', '1.521938', 7),
(4751697, '42.503834', '1.528666', 7),
(4751711, '42.506840', '1.518660', 7),
(4751731, '42.507126', '1.526025', 7),
(4751739, '42.493954', '1.497830', 7),
(4751747, '42.507595', '1.531337', 7),
(4751755, '42.507458', '1.527544', 7),
(4751766, '42.508040', '1.522194', 7),
(4751787, '42.508080', '1.524950', 7),
(4751803, '42.508327', '1.522420', 7),
(4751810, '42.495090', '1.504270', 7),
(4751820, '42.507496', '1.522937', 7),
(4751848, '42.506330', '1.532410', 7),
(4751857, '42.507560', '1.522225', 7),
(4751865, '42.507923', '1.524395', 7),
(4751900, '42.507010', '1.530040', 7),
(4751910, '42.507637', '1.522615', 7),
(4751934, '42.507010', '1.520203', 7),
(4751943, '42.507540', '1.521820', 7),
(4751953, '42.508550', '1.532375', 7),
(4751968, '42.507380', '1.522357', 7),
(4751976, '42.507385', '1.522670', 7),
(4751993, '42.508160', '1.521973', 7),
(4752002, '42.507020', '1.532533', 7),
(4752011, '42.506660', '1.530213', 7),
(4752020, '42.505420', '1.518570', 7),
(4752030, '42.508545', '1.528479', 7),
(4752042, '42.507587', '1.521535', 7),
(4752058, '42.507935', '1.528744', 7),
(4752068, '42.506924', '1.534190', 7),
(4752077, '42.508713', '1.531686', 7),
(4752091, '42.508545', '1.528479', 7),
(4752098, '42.503820', '1.522995', 7),
(4752107, '42.507816', '1.527110', 7),
(4752118, '42.505170', '1.526345', 7),
(4752127, '42.506687', '1.533201', 7),
(4752133, '42.509125', '1.529834', 7),
(4752145, '42.508545', '1.528479', 7),
(4752154, '42.508644', '1.528038', 7),
(4752175, '42.509274', '1.522509', 7),
(4752183, '42.507360', '1.534200', 7),
(4752191, '42.507786', '1.520877', 7),
(4752196, '42.509266', '1.530227', 7),
(4752206, '42.508160', '1.521537', 7),
(4752217, '42.508240', '1.525045', 7),
(4752227, '42.508026', '1.525092', 7),
(4752238, '42.505430', '1.518813', 7),
(4752247, '42.509560', '1.530790', 7),
(4752254, '42.507770', '1.521921', 7),
(4752268, '42.508260', '1.522420', 7),
(4752274, '42.508130', '1.532750', 7),
(4752286, '42.508575', '1.528088', 7),
(4752304, '42.509125', '1.529834', 7),
(4752311, '42.505947', '1.520927', 7),
(4752322, '42.606500', '1.631944', 7),
(4752332, '42.502598', '1.514709', 7),
(4752341, '42.506390', '1.515713', 7),
(4752362, '42.507164', '1.520608', 7),
(4752371, '42.507637', '1.522615', 7),
(4752380, '42.507880', '1.522290', 7),
(4752389, '42.509560', '1.530790', 7),
(4752398, '42.507580', '1.531243', 7),
(4752408, '42.500225', '1.508093', 7),
(4752419, '42.507786', '1.520877', 7),
(4752436, '42.505990', '1.531644', 7),
(4752449, '42.506886', '1.522074', 7),
(4752456, '42.508102', '1.525428', 7),
(4752464, '42.507570', '1.520720', 7),
(4752473, '42.508340', '1.530300', 7),
(4752480, '42.506344', '1.529480', 7),
(4752486, '42.507923', '1.524700', 7),
(4752491, '42.504753', '1.523431', 7),
(4752506, '42.508026', '1.525092', 7),
(4752514, '42.507545', '1.522052', 7),
(4752523, '42.508160', '1.521537', 7),
(4752530, '42.506294', '1.529110', 7),
(4752547, '42.506058', '1.525037', 7),
(4752553, '42.503727', '1.513986', 7),
(4752589, '42.498158', '1.503571', 7),
(4752597, '42.495240', '1.505049', 7),
(4752606, '42.490833', '1.496167', 7),
(4752613, '42.493496', '1.498253', 7),
(4752618, '42.497597', '1.503192', 7),
(4752635, '42.541670', '1.731930', 7),
(4752646, '42.541576', '1.732110', 7),
(4752661, '42.541416', '1.732129', 7),
(4752673, '42.541060', '1.731322', 7),
(4752686, '42.540936', '1.731747', 7),
(4752695, '42.539112', '1.733455', 7),
(4752703, '42.539140', '1.733270', 7),
(4752712, '42.541775', '1.732267', 7),
(4752721, '42.541120', '1.731912', 7),
(4752729, '42.539783', '1.733420', 7),
(4752737, '42.540882', '1.733738', 7),
(4752754, '42.540882', '1.733738', 7),
(4752765, '42.541332', '1.732208', 7),
(4752773, '42.542564', '1.733775', 7),
(4752783, '42.542336', '1.733828', 7),
(4752794, '42.540936', '1.731747', 7),
(4752808, '42.541250', '1.732360', 7),
(4752819, '42.541120', '1.731912', 7),
(4752828, '42.540610', '1.733607', 7),
(4752836, '42.541250', '1.732360', 7),
(4752843, '42.540660', '1.733615', 7),
(4752858, '42.540650', '1.731037', 7),
(4752862, '42.541870', '1.731410', 7),
(4752869, '33.517284', '-117.694720', 7),
(4752881, '42.542300', '1.731540', 7),
(4752888, '42.542330', '1.733056', 7),
(4752896, '42.542168', '1.732359', 7),
(4752905, '42.542560', '1.734526', 7),
(4752923, '42.541220', '1.732575', 7),
(4752933, '42.541670', '1.731930', 7),
(4752942, '42.541350', '1.732230', 7),
(4752949, '42.541750', '1.733137', 7),
(4752956, '42.543377', '1.732527', 7),
(4752964, '42.541220', '1.732531', 7),
(4752972, '42.541767', '1.731866', 7),
(4752981, '42.542580', '1.731554', 7),
(4752998, '42.542070', '1.732420', 7),
(4753007, '42.542595', '1.733777', 7),
(4753012, '42.543060', '1.734210', 7),
(4753032, '42.542580', '1.731554', 7),
(4753041, '42.542065', '1.732112', 7),
(4753051, '42.540570', '1.733600', 7),
(4753063, '42.540882', '1.733738', 7),
(4753070, '42.539463', '1.733345', 7),
(4753084, '42.540860', '1.733680', 7),
(4753092, '42.542070', '1.732420', 7),
(4753100, '42.544030', '1.731972', 7),
(4753105, '42.542010', '1.734062', 7),
(4753114, '42.540650', '1.733613', 7),
(4753125, '42.540820', '1.733640', 7),
(4753133, '42.541996', '1.731443', 7),
(4753141, '42.541240', '1.732470', 7),
(4753148, '42.542010', '1.734062', 7),
(4753157, '42.541750', '1.733137', 7),
(4753166, '42.543060', '1.734210', 7),
(4753180, '42.541885', '1.732198', 7),
(4753190, '42.542460', '1.733270', 7),
(4753198, '42.541870', '1.733745', 7),
(4753214, '42.544025', '1.732768', 7),
(4753220, '42.542484', '1.731537', 7),
(4753228, '42.540820', '1.733640', 7),
(4753273, '42.534840', '1.582280', 7),
(4753284, '42.535587', '1.582736', 7),
(4753292, '42.534893', '1.587649', 7),
(4753317, '42.531640', '1.576767', 7),
(4753326, '42.534930', '1.587703', 7),
(4753335, '42.533394', '1.583027', 7),
(4753344, '42.534386', '1.582852', 7),
(4753351, '42.493950', '1.497810', 7),
(4753363, '42.536503', '1.583165', 7),
(4753371, '42.533833', '1.580322', 7),
(4753380, '42.536040', '1.582150', 7),
(4753389, '42.534542', '1.579624', 7),
(4753397, '42.534893', '1.587649', 7),
(4753404, '42.535290', '1.587937', 7),
(5345457, '42.556281', '1.533814', 50),
(5345461, '42.556680', '1.533987', 50),
(5347666, '42.555655', '1.533073', 8),
(5350696, '42.556892', '1.532842', 50),
(5352151, '42.509182', '1.542645', 8),
(5352155, '42.547709', '1.698239', 8),
(5352181, '42.508929', '1.541592', 8),
(5352203, '42.534766', '1.576653', 8),
(5352282, '42.542821', '1.492399', 8),
(5352552, '42.545518', '1.514921', 8),
(5352672, '42.519730', '1.568397', 8),
(5352824, '42.574865', '1.481352', 8),
(5352997, '42.538595', '1.720649', 8),
(5353042, '42.536606', '1.668990', 8),
(5353267, '42.587550', '1.466624', 8),
(5353451, '42.508852', '1.541165', 8),
(5353456, '42.508685', '1.534601', 8),
(5353484, '42.508644', '1.528031', 8),
(5353544, '42.507240', '1.521670', 8),
(5354376, '42.534087', '1.585088', 8),
(5354672, '42.507204', '1.521695', 8),
(5355024, '42.465487', '1.492412', 8),
(5355372, '42.434924', '1.521159', 8),
(5355464, '42.542796', '1.492406', 8),
(5355478, '42.317122', '0.747450', 8),
(5355552, '42.566415', '1.599917', 8),
(5355632, '42.573282', '1.482668', 8),
(5356075, '42.519816', '1.568182', 8),
(5359146, '42.535912', '1.490879', 8),
(5362038, '42.543077', '1.735266', 8),
(5363491, '42.541618', '1.732913', 8),
(5363671, '42.579814', '1.659709', 8),
(5368803, '42.434985', '1.521175', 8),
(5369223, '42.543412', '1.732639', 8),
(5373886, '42.576783', '1.667071', 8),
(5379788, '42.555970', '1.533008', 50),
(5385947, '42.506680', '1.523380', 8),
(5386122, '42.505395', '1.521781', 50),
(5393393, '42.533540', '1.585578', 8),
(5394299, '46.310010', '6.077043', 8),
(5395650, '42.582352', '1.518434', 50),
(5396987, '19.525870', '-96.909270', 8),
(5398518, '37.627570', '-122.426300', 8),
(5400878, '42.534386', '1.582863', 50),
(5405034, '42.549053', '1.512490', 50),
(5405078, '42.541635', '1.732747', 50),
(5405580, '42.506650', '1.520693', 8),
(5406296, '42.532631', '1.699857', 50),
(5406460, '0.000000', '0.000000', 22),
(5406892, '41.782410', '3.031331', 8),
(5408108, '42.532567', '1.700001', 50),
(5408110, '42.532583', '1.699992', 50),
(5408112, '42.532498', '1.700114', 50),
(5413383, '42.566654', '1.599458', 8),
(5414507, '42.509600', '1.537547', 8),
(5416496, '41.647884', '2.267582', 8),
(5419786, '42.554511', '1.527978', 50),
(5420619, '42.536639', '1.582919', 50),
(5423125, '42.073982', '0.626489', 50),
(5424485, '42.607334', '1.715610', 50),
(5429737, '42.509930', '1.543855', 8),
(5429868, '42.508281', '1.536492', 50),
(5430486, '42.596882', '1.676154', 50),
(5431250, '42.484196', '1.492014', 50),
(5434641, '42.509381', '1.523245', 8),
(5434643, '42.596293', '1.526703', 8),
(5438035, '42.596881', '1.676156', 50),
(5441910, '42.532351', '1.700570', 50),
(5448389, '42.581340', '1.637382', 8),
(5449197, '40.229820', '-3.755425', 8),
(5451093, '42.616590', '1.538380', 50),
(5455243, '42.507522', '1.531088', 8),
(5458723, '42.507075', '1.520857', 8),
(5463218, '42.403330', '1.462833', 8),
(5467315, '42.508597', '1.534319', 22),
(5468716, '42.509226', '1.523079', 50),
(5469913, '42.507204', '1.521692', 22),
(5474157, '42.510059', '1.538489', 50),
(5492603, '42.624688', '1.545491', 8),
(5492647, '42.435738', '1.519536', 8),
(5492648, '42.635002', '1.476858', 8),
(5492747, '21.051150', '-89.674500', 8),
(5492847, '42.637778', '1.559862', 50),
(5492864, '42.622559', '1.564121', 50),
(5492867, '42.637122', '1.490312', 8),
(5492869, '42.596394', '1.526636', 50),
(5492874, '42.576666', '1.517778', 50),
(5492887, '42.596880', '1.676155', 8),
(5493012, '19.417920', '-99.157810', 8),
(5493748, '42.532416', '1.700219', 8),
(5493796, '-32.623120', '-60.158500', 8),
(5494395, '42.508600', '1.528040', 8),
(5494400, '42.508613', '1.529212', 8),
(5494405, '42.508696', '1.539378', 8),
(5494407, '42.553829', '1.549253', 8),
(5494427, '42.509011', '1.533371', 8),
(5494443, '42.465786', '1.492128', 8),
(5494875, '42.505403', '1.521801', 50),
(5494879, '42.540278', '1.718888', 50),
(5495517, '23.746760', '0.000000', 8),
(5495922, '26.890580', '0.000000', 8),
(5496442, '-25.270300', '-57.128570', 8),
(5497723, '18.900920', '-96.930860', 8),
(5497963, '38.192560', '15.557420', 8),
(5499598, '-33.398650', '-70.554940', 8),
(5499855, '41.192120', '1.581983', 8),
(5502663, '42.482691', '1.458725', 8),
(5502665, '42.618445', '1.538608', 8),
(5502668, '42.618587', '1.538870', 8),
(5503194, '42.618862', '1.539385', 50),
(5503227, '42.619840', '1.540090', 22),
(5504550, '42.576166', '1.668922', 50),
(5508248, '42.494152', '1.497512', 50),
(5508447, '42.574462', '1.620406', 50),
(5509411, '-33.430580', '-70.586460', 8),
(5513493, '41.757780', '-88.212380', 8),
(5514242, '42.507240', '1.520460', 50),
(5514525, '42.545625', '1.514739', 8),
(5514526, '42.546070', '1.514838', 8),
(5514534, '42.576045', '1.518661', 8),
(5514566, '42.581405', '1.638277', 8),
(5514686, '42.565113', '1.527794', 50),
(5514917, '42.517265', '1.567865', 50),
(5514921, '42.511464', '1.560447', 50),
(5515032, '42.474475', '1.452118', 50),
(5519021, '42.567533', '1.597496', 50),
(5520046, '42.521079', '1.679020', 50),
(5520291, '42.562667', '1.570174', 50),
(5522892, '42.548510', '1.647372', 8),
(5522896, '42.554540', '1.622211', 8),
(5522898, '42.567710', '1.641379', 8),
(5523267, '42.580149', '1.651174', 8),
(5523710, '42.526078', '1.688027', 50),
(5523891, '42.508032', '1.521694', 50),
(5523927, '42.568199', '1.643019', 50),
(5524585, '42.577133', '1.666507', 50),
(5524587, '42.567571', '1.641281', 50),
(5524773, '41.860800', '11.933300', 8),
(5525012, '42.539765', '1.720006', 50),
(5525232, '42.542799', '1.492424', 50),
(5525413, '42.507311', '1.520317', 50),
(5526160, '42.508191', '1.522470', 50),
(5528726, '-20.386300', '-43.501370', 8),
(5529354, '42.507873', '1.523679', 8);


CREATE TABLE IF NOT EXISTS `pois` (
  `id` int(10) unsigned NOT NULL,
  `city_id` int(10) unsigned DEFAULT NULL,
  `subcategory_id` int(10) unsigned DEFAULT NULL,
  `name` varchar(255) NOT NULL DEFAULT '',
  `geocode_id` int(10) unsigned DEFAULT NULL
) ENGINE=InnoDB DEFAULT CHARSET=utf8;


INSERT INTO `pois` (`id`, `name`, `geocode_id`, `city_id`, `subcategory_id`) VALUES
(1067, 'Lago San Mauricio', 36398, 16654, 2),
(3306, 'Valle Madriu-Perafita-Claror', 4211143, 16657, 5),
(10138, 'Pista de Pal', 1235576, 16654, 49),
(10398, 'Caldea ', 4167332, 16654, 31),
(11077, 'Lago', 153113, 16654, 2),
(11872, 'Arinsal', 1235803, 16654, 49),
(13185, 'Apartamentos K2', 4020281, 304523, 72),
(15506, 'Andorra', 175454, 16654, 83),
(16181, 'Esquiando en Andorra', 178622, 16654, 49),
(17709, 'Andorra', 182122, 16654, 81),
(18617, 'Apartaments La Neu', 4018294, 307622, 72),
(18619, 'Andorra la Vella', 2519091, 16654, 81),
(18937, 'Sant Joan de Caselles', 2402481, 217787, 14),
(18960, 'San Romá de les Bons', 4086514, 16656, 15),
(20861, 'Hotel Roc Blanc', 1236819, 16657, 68),
(21058, 'Apartamento en Canillo', 35500, 217787, 72),
(21062, 'Iglesia de San Serni', 5519021, 217787, 15),
(21063, 'Grandvalira', 4016699, 304523, 49),
(21067, 'Canillo', 2832961, 217787, 81),
(21242, 'Ordino', 2895331, 16659, 112),
(22735, 'Hotel sport', 5508447, 304525, 68),
(22737, 'Ordino', 227119, 16654, 112),
(24441, 'Sport Hotel Hermitage & Spa', 4020005, 304525, 68),
(26119, 'Hesperia Andorra', 243016, 16654, 68),
(26502, 'Hotel Valira', 243405, 16657, 68),
(26598, 'Ahotels El Serrat', 243501, 16659, 68),
(27081, 'Hotel Eureka', 244468, 16657, 68),
(29138, 'Hotel Sporting', 1237792, 304523, 68),
(29139, 'Hotel Comapedrosa', 249834, 304519, 68),
(29140, 'Apartaments Bonet', 1237793, 304520, 72),
(29141, 'Somriu Hotel Comapedrosa', 249836, 304519, 68),
(29142, 'Hotel Spa Princesa Parc', 249834, 304519, 68),
(29143, 'Hotel Arinsal', 249834, 304519, 68),
(29144, 'Hotel Pic Maià', 5525012, 304523, 68),
(29145, 'Hotel Spa Llop Gris', 249841, 304526, 68),
(29146, 'Hotel Crest', 249834, 304519, 68),
(29147, 'Hotel Del Clos', 249841, 304526, 68),
(29148, 'Hotel Refugi dels Isards', 1237795, 304523, 68),
(29494, 'Grau Roig Andorra Boutique Hotel & Spa', 252578, 304524, 68),
(29495, 'Hotel Cims Pas de La Casa', 1237839, 304523, 68),
(29496, 'Hotel Cristina', 1237840, 304523, 68),
(29498, 'Himalaia Pas', 1237841, 304523, 68),
(29499, 'Hotel Solana', 249834, 304519, 68),
(29500, 'Patagonia Atiram Hotel', 249834, 304519, 68),
(29501, 'Hotel Nordic', 249841, 304526, 68),
(30556, 'Restaurante La Roda', 1237892, 217787, 29),
(32690, 'Hotel Bellpi', 283592, 16654, 68),
(32694, 'Hotel Valmar', 1238146, 16654, 68),
(34302, 'Hesperia Andorra', 1238341, 16654, 68),
(37100, 'Casa Rural La Neu', 293252, 16659, 69),
(37102, 'Casa Rural La Pastorella', 1238748, 217788, 69),
(37112, 'Casa Rural Apartaments Bonet', 1238751, 217788, 69),
(37206, 'Hotel Co-princeps', 293369, 217789, 69),
(37939, 'Hotel Bell Roc', 294408, 16656, 69),
(38232, 'Hotel Bonavida', 294719, 217787, 68),
(38943, 'Casa Rural Els Closos De Ramonguem', 1238963, 16659, 69),
(39495, 'Casa Rural Borda Jovell', 296200, 217788, 69),
(39599, 'Hotel Àustria', 1239043, 217787, 69),
(40056, 'Hotel Boston', 296856, 16659, 69),
(40062, 'Hotel Bruxelles', 296862, 217787, 69),
(43421, 'Hotel Crest', 249834, 304519, 69),
(43424, 'Hotel Cristina', 300579, 16656, 69),
(44333, 'Grandvalira', 303070, 304523, 49),
(44359, 'Hotel de Hielo', 1239787, 304524, 68),
(45253, 'Wanderhotel Himalàia Soldeu', 304789, 217787, 69),
(48108, 'Cims Hotels', 1240292, 16654, 68),
(48358, 'Andorra', 314021, 16654, 15),
(49909, 'Restaurante L?Excellence', 322052, 16654, 29),
(50862, 'Restaurante Roc de les Bruixes', 1240619, 16654, 29),
(54702, 'Pas de la Casa - Grau Roig', 5405580, 304523, 49),
(54838, 'Ordino/Arcalis', 1240982, 16659, 49),
(55333, 'Hotel Metropolis', 2024361, 16657, 68),
(55919, 'La Casa del Formatge', 1241054, 217789, 36),
(69471, 'Sport Hotel Hermitage & Spa', 589269, 304525, 68),
(81481, 'Restaurante Buda Espai Andorra.', 4257241, 16654, 29),
(81543, 'Balneario CALDEA', 35533, 16654, 31),
(85219, 'Aa', 1245641, 16654, 5),
(85367, 'Llac d''Engolasters', 5356075, 16654, 83),
(85574, 'Vall d''Incles', 5438035, 217787, 53),
(86824, 'Magic Canillo', 962638, 217787, 68),
(88315, 'La Portella d´Arcalis', 1246620, 16659, 81),
(88440, 'Vallnord', 1246662, 16654, 53),
(88443, 'Lago ', 5520046, 16654, 2),
(88579, 'Carreteras de Andorra', 1246721, 217787, 114),
(92210, 'Andorra', 1, 16656, 5),
(92479, 'Borda Resturante L''Era d''en Jaume', 4099423, 307622, 29),
(93623, 'Para pasar un buen rato', 1248531, 16654, 5),
(93708, 'Acta Florida', 1215434, 16654, 68),
(94784, 'Iglesias', 1248972, 16654, 15),
(95753, 'Restaurante San Marcos', 1371381, 16654, 29),
(96176, 'Restaurante Can Manel', 1217611, 16654, 29),
(99924, 'Restaurante El Pi (Hotel Roc Blanc)', 2952151, 16657, 29),
(99945, 'Restaurante El Petit Café', 1221160, 16654, 29),
(101146, 'Restaurante Borda de L''Avi', 2722031, 217788, 29),
(101672, 'Restaurante Casa Canut', 1371381, 16654, 29),
(101900, 'Restaurante Els Jardins D`Hoste', 1225238, 16657, 29),
(101917, 'Restaurante Eureka', 1371381, 16657, 29),
(102058, 'San Climent', 4225620, 304520, 14),
(102355, 'Restaurante El Candeler', 35500, 217789, 29),
(102364, 'Restaurante El Carroi (Hotel Xalet Ritz)', 35500, 217788, 29),
(102729, 'Hotel Euroesquí', 1251238, 304525, 68),
(103017, 'Restaurante Borda Estevet', 1226381, 16654, 29),
(103068, 'Restaurante Chez Jacques', 1473661, 16654, 29),
(103325, 'Restaurante Panoramic (Hotel Panorama)', 1226767, 16657, 29),
(103430, 'Restaurante La Taberna de Ángel Belmonte', 1371391, 16657, 29),
(103522, 'Monster Bikepark by Xaviksas', 1227042, 217789, 87),
(104088, 'Restaurante La Guingueta', 35500, 217789, 29),
(105300, 'Restaurante L''Excellence', 1384941, 16654, 29),
(106594, 'Les bons', 4223686, 16654, 83),
(107028, 'Senderismo en Andorra: Ruta del Hierro', 4018294, 308211, 53),
(107030, 'Grupo escultórico ''La familia Jordino''', 1254899, 307622, 83),
(107199, 'AnyósPark, The Mountain and Wellness Resort', 1255632, 217788, 68),
(107321, 'Restaurante Versalles', 1230755, 16654, 29),
(107547, 'Restaurante El Roc del Bisbe', 1398991, 217788, 29),
(108003, 'Restaurante L''Entrecote', 1250428, 16657, 29),
(108076, 'Restaurante El Rusc', 1232069, 217788, 29),
(108151, 'Restaurante La Cúpula (Hotel Plaza)', 1406421, 16654, 29),
(109304, 'Restaurante El Celler d''en Toni (Hotel)', 1406411, 16654, 29),
(109441, 'Restaurante Borda Raubert', 2118781, 217788, 29),
(109737, 'Restaurante Tópic', 1256226, 16659, 29),
(111659, 'Iglesia Sant Joan de Caselles', 1256349, 217787, 15),
(111745, 'Estación de Ski Grandvalira de noche', 1256351, 304523, 49),
(118005, 'Andorra Park Apartamentos', 1264494, 16654, 72),
(120359, 'Ordino', 1267132, 16659, 112),
(120471, 'Andorra la Vella desde Sant Juliá de Lòria', 5355024, 16654, 81),
(121769, 'Estación de Esquí Grandvalira - Sector Grau Roig', 1268744, 304523, 49),
(125434, 'Hotel Viena', 1274856, 16654, 68),
(132491, 'Hotel Ibis Escaldes Engordany', 1286609, 16657, 68),
(142647, 'Apartamentos turísticos Prat de les Mines', 1304802, 16659, 70),
(142648, 'Hotel Cassany', 1304804, 16654, 68),
(142649, 'Hotel Tivoli', 1304806, 16654, 68),
(149067, 'Hotel Central', 1316681, 304523, 68),
(151279, 'Naturlàndia', 5368803, 16654, 104),
(157042, 'Andorra la vella', 1333432, 16654, 81),
(166501, 'Casco Antiguo de Pal', 35500, 304520, 83),
(199241, 'El Camí de L''Ossa', 1405211, 16656, 53),
(206961, 'Restaurant', 1410601, 16654, 29),
(226271, 'A vista pajaro', 35500, 217789, 5),
(259081, 'Llac dels Pessons  ', 1465231, 217787, 2),
(259261, 'Tobotronc', 1227042, 217789, 104),
(279741, 'Mirador de Juberri (Sant Julià de Lòria)', 1488011, 217789, 8),
(280051, 'Andorra', 1488111, 16654, 83),
(285511, 'Hotel Andorra Center', 1491531, 16654, 68),
(290491, 'Pico de Arcalis', 1495291, 16659, 8),
(336721, 'Santuario de Meritxell', 4215561, 217787, 136),
(358621, 'Historical Ensemble of Les Bons', 5354376, 16656, 15),
(360601, 'El Solà Restaurant', 2836481, 217787, 29),
(360621, ' Valira de Oriente', 5355552, 217787, 7),
(371431, 'Hotel Font', 1579361, 217788, 68),
(374011, 'Zenit Diplomatic', 1581441, 16654, 68),
(397911, 'Soldeu', 5373886, 16654, 112),
(399711, 'El Tarter ', 4132993, 304526, 2),
(400641, 'Hotel Paris', 2117521, 16656, 68),
(400651, 'Hotel Paris', 1616141, 16656, 68),
(402751, 'Restaurante Refugi Alpí', 1657421, 16654, 29),
(405971, 'Parque Naturlandia', 5355372, 217789, 23),
(406031, 'Restaurante el Refugí', 1227042, 217789, 29),
(406041, 'Paintball en Naturlandia', 4227301, 217789, 23),
(406091, 'Centro Termal Caldea', 1673571, 16654, 33),
(406131, 'Deimos Restaurant', 4101773, 16654, 29),
(406171, 'Buceo en Andorra', 2053641, 16654, 87),
(406201, 'Hotel Mola Park', 1673571, 16654, 68),
(406211, 'Restaurante Hortell de Arcalis', 1410601, 16654, 29),
(406231, 'Restaurante Kokinetta', 4090193, 16654, 29),
(414451, 'Zenit Diplomatic', 1581441, 16654, 68),
(415831, 'Hotel President', 1680241, 16654, 68),
(422011, 'Hotel Sant Jordi', 1686241, 16654, 68),
(422381, 'Mola Park Atiram Hotel', 1686491, 16657, 68),
(422391, 'Avenida Meritxell', 5353484, 16654, 129),
(422411, 'Diving Andorra', 1686551, 16654, 87),
(425331, 'La Tagliatella', 1688631, 16654, 29),
(426941, 'Llorts', 4100492, 307622, 112),
(426971, 'Iglesia Sant Martí de la Cortinada', 1689811, 308211, 14),
(426981, 'Pal', 1237793, 304520, 112),
(427371, 'Sant Climent de Pal', 1690161, 304520, 83),
(427791, 'Aparthotel AnyosPark', 1691421, 304521, 73),
(437731, 'Hotel Fénix', 4020009, 16657, 68),
(437751, 'Escaldes-Engordany Centre of Art', 5353451, 16654, 11),
(437761, 'Sant Pere Martir Church', 5352181, 16654, 14),
(437771, 'Pont d´Engordany', 5352151, 16654, 15),
(437791, 'Illa Carlemany Centro Comercial', 5353456, 16654, 25),
(437801, 'Centric Atiram Hotel', 1700231, 16654, 68),
(437811, 'Magic Andorra', 1700281, 16654, 68),
(437841, 'Pyrènèes Centro Comercial', 5369223, 16654, 25),
(438101, 'Soldeu', 1949281, 304525, 81),
(438681, 'Casa de la Vall', 4212113, 16654, 15),
(438691, 'Church of Saint Stephen', 5353544, 16654, 15),
(438751, 'Restaurante La Dehesa de Sta. María', 1702201, 16657, 29),
(438761, 'A Casa Canut Hotel Gastronòmic', 1371381, 16657, 68),
(438771, 'Hotel Piolets', 1702211, 304525, 68),
(438781, 'Túnel d´Envalira', 5352155, 16654, 114),
(438831, 'Restaurante La Sangría', 2053641, 217787, 29),
(439121, 'Pistas de esquí del hotel Canaró', 5363671, 304525, 56),
(439151, 'Sport Hotel Village', 5504550, 304525, 68),
(439161, 'Hotel Naudi', 296862, 304525, 68),
(447751, 'Iglesia de Santa Eulàlia', 5352203, 16656, 14),
(521191, 'Andorra', 1488111, 16654, 129),
(542141, 'Calles de Andorra la Vella', 35500, 16654, 126),
(546381, 'Andorra', 1857931, 16654, 83),
(556451, 'Capilla andorrana', 1868671, 217788, 7),
(556461, 'Punete de San Antonio', 2053641, 16654, 81),
(560001, 'Vall d''incles', 1883871, 16654, 126),
(572961, 'Restaurant El Cresper', 1237792, 16656, 29),
(572991, 'Hotel Parador Canaro & Ski', 1885301, 304525, 68),
(587401, 'Lagos del Cubil', 5353042, 16654, 83),
(594711, 'Cal Bou Rural Resort', 1903181, 16654, 69),
(631151, 'Estación de esquí en verano.', 1949281, 304525, 126),
(631401, 'Parroquia de Canillo', 4182725, 217787, 81),
(631741, 'Museu Casa d’Areny-Plandolit', 4090129, 16659, 83),
(633911, 'Museo de la Miniatura', 2381081, 16659, 11),
(643351, 'Somriu Hotel Oros', 1964041, 16656, 68),
(643441, 'Circuit Grandvalira', 5352997, 304523, 45),
(646871, 'Nevadita', 1996521, 16657, 81),
(649161, 'Andorra Por La Mañana', 1969581, 304523, 49),
(650651, 'Hotel Galanthus & Spa', 1972571, 304525, 68),
(660121, 'Hotel El Tarter', 1983181, 304526, 68),
(660241, 'Andorra', 1857931, 16654, 115),
(675121, 'Escultura de Dalí', 1857931, 16654, 83),
(684621, 'Hotel Guillem & Spa', 2013081, 16656, 68),
(688201, 'Hotel Holiday Inn Andorra', 2018341, 16654, 68),
(688211, 'Hotel Plaza', 2018351, 16654, 68),
(688221, 'Eurostars Andorra Centre', 2018361, 16654, 68),
(688231, 'Ski Plaza', 4166484, 217787, 68),
(688241, 'Hotel Mu', 2018371, 308211, 68),
(688251, 'Spa Plaza', 4220396, 16654, 33),
(705821, 'Viaje a Andorra', 1235990, 16654, 49),
(712551, 'Émo restaurant', 2077811, 304522, 29),
(722551, 'Hotel Sàlvia d''or', 2107691, 16654, 68),
(723891, 'Restaurante Llac I Cel', 2118661, 16656, 29),
(731521, 'Borda l''Arena', 2127851, 217789, 29),
(739711, '1940, Restaurante', 2144621, 16654, 29),
(860701, 'Hotel Anyorspark', 2331461, 217788, 73),
(897331, 'Canillo nevado', 2354951, 217787, NULL),
(898511, 'Pescaderia 2', 385216, 304526, 72),
(913211, 'Una escalada impresionante en un paraje del Pirineo Andorrano', 2381081, 16654, 4),
(932851, 'Big Ben restaurant', 4018040, 16657, 29),
(943311, 'Encamp', 4221359, 16656, 112),
(945711, ' Km O', 2676631, 16654, 40),
(954371, 'Parque Natural de Sorteny', 2714511, 16654, 4),
(955611, 'Hotel St Gothard, Erts Andorra', 2722031, 304522, NULL),
(956691, 'Estany de Tristaina', 2723001, 16659, 53),
(957411, 'La Massana', 5352552, 217788, 112),
(976441, 'Arcalís', 4146183, 16659, 81),
(981511, 'Meritxell', 2793111, 217787, NULL),
(981521, 'Canillo', 2793131, 217787, NULL),
(1002191, 'Andorra y Cerdanya francesa', 2843041, 304522, NULL),
(1010021, 'Mercado de Navidad en la Massana - Andorra', 2714511, 217788, 102),
(1010041, 'Parc Natural del Comapedrosa a Arinsal', 5353267, 217788, 4),
(1031351, 'Hotel la burna', 2896551, 308103, NULL),
(1036661, 'Lagos Tristaina', 2906061, 16659, NULL),
(1079321, 'Lagos Tristaina, Andorra', 2949861, 16659, NULL),
(1079331, 'Lagos de Tristaina, Andorra', 2723001, 16659, 2),
(1080851, 'Hotel Coray, Andorra', 2951861, 16656, NULL),
(1087641, 'Hotel Marco Polo.', 2972561, 217788, 68),
(1209461, 'Aparthotel Shusski', 3091161, 16656, 73),
(1209681, 'Novotel Andorra', 3091381, 16654, 68),
(1212181, 'Hotel Coma', 3093881, 16659, 68),
(1215231, 'Magic La Massana', 3096931, 217788, 68),
(1215771, 'Coma Bella', 3097471, 217789, 68),
(1217721, 'Mercure Andorra', 3099421, 16654, 68),
(1222001, 'Holiday Inn Andorra', 3103701, 16654, 68),
(1223851, 'Marco Polo', 3105551, 217788, 68),
(1224081, 'Hotel Pol', 3105781, 217789, 68),
(1224611, 'Andorra Palace', 3106311, 16654, 68),
(1225491, 'Abba Xalet Suites Hotel', 3107191, 308103, 68),
(1225531, 'Hotel Pyrénées', 3107231, 16654, 68),
(1226851, 'Magic Ski', 3108551, 217788, 68),
(1227171, 'Vip Hotel Plus', 3108871, 16656, 68),
(1229641, 'Hotel Folch', 3111341, 217789, 68),
(1232871, 'La Solana Apartaments', 3114571, 16656, 73),
(1233051, 'Montecarlo', 3114751, 16656, 68),
(1237001, 'Rutllan & Spa', 3118701, 217788, 68),
(1237771, 'Hotel Mila', 3119471, 16656, 68),
(1239571, 'Imperial Atiram Hotel', 3121271, 217789, 68),
(1241351, 'Hotel Cervol', 3123051, 16654, 68),
(1242601, 'Hotel Princesa Parc', 3124301, 217788, 68),
(1244881, 'Annapurna Atiram Aparthotel', 3126581, 16659, 73),
(1245281, 'Acta Arthotel', 3126981, 16654, 68),
(1245301, 'HotelÀrtic', 3127001, 16654, 68),
(1247301, 'Hôtel Bruxelles', 3129001, 304525, 68),
(1250441, 'Hotel Encamp', 3132141, 16656, 68),
(1256201, 'Magic Pas', 3137901, 304523, 68),
(1257021, 'Hotel Montalari', 3138721, 16656, 68),
(1260491, 'Hotel Sercotel Andorra Park', 3142191, 16654, 68),
(1260501, 'Hotel Sercotel Màgic Andorra La Vella', 3142201, 16654, 68),
(1265061, 'Apartaments Giberga', 3146761, 217788, 72),
(1265891, 'A Casa Canut Hotel Gastronòmic', 3147591, 16654, 68),
(1266121, 'Hotel Exe Prisma', 3147821, 16657, 68),
(1266581, 'Hotel Panorama', 3148281, 16657, 68),
(1266901, 'Apartamentos Velvet', 3148601, 304519, 68),
(1271511, 'Golden Tulip Andorra Fenix', 3153211, 16657, 68),
(1271861, 'Hotel Exe Princep', 3153561, 16657, 68),
(1275401, 'Roc De Caldes & Spa', 3157101, 16657, 68),
(1275731, 'Himalaia Soldeu', 3157431, 304525, 68),
(1275991, 'Sant Gothard', 4014192, 304522, 68),
(1276381, 'Hotel Sant Eloi', 3158081, 217789, 68),
(1277111, 'Hotel Eurotel', 3158811, 16657, 68),
(1277171, 'Xalet Besolí', 3158871, 304519, 68),
(1277331, 'Aparthotel Casa Vella', 3159031, 16659, 72),
(1278771, 'Tudel', 3160471, 16657, 68),
(1279561, 'Hotel Himàlaia Pas', 3161261, 217787, 68),
(1279571, 'Hotel Euro Esquí', 3161271, 217787, 68),
(1279581, 'Hotel Velvet', 3161281, 217788, 68),
(1280871, 'Hotel Antic', 3162571, 308211, 68),
(1283091, 'Hotel Piolets Park & Spa', 3164791, 304525, 68),
(1284831, 'Hotel Xalet Verdú', 3166531, 304519, 68),
(1285651, 'Hotel Delfos', 3167351, 16657, 68),
(1285861, 'Hotel Pic Maià', 3167561, 217787, 68),
(1288561, 'Hotel Peretol', 3170261, 304525, 68),
(1288571, 'Aparthotel Alaska', 3170271, 304523, 73),
(1311971, 'Hotel Bringue', 3193671, 16659, 68),
(1331961, 'Hotel Les Terres', 3213681, 217787, 68),
(1403341, 'Llop Gris', 3285071, 217787, 68),
(1501231, 'Hotel Refugi Dels Isards', 3382971, 304523, 68),
(1502031, 'Apartamentos Solana de Ransol', 3383771, 217787, 70),
(1504161, 'Hotel Segle XX', 3385901, 217787, 68),
(1504951, 'Hotel Reial Pirineus - Palau Alpi', 3386691, 304523, 68),
(1505471, 'Hotel Starc', 3387221, 16654, 68),
(1505481, 'Hotel Roc Del Sola', 3387231, 16654, 68),
(1505491, 'Hotel Palarine Andorra', 3387241, 304519, 68),
(1505501, 'Aparthotel Cosmos', 3387251, 16657, 68),
(1505511, 'Kyriad Andorra Comtes d''Urgell', 3387261, 16657, 68),
(1505521, 'Hotel F&G La Cabana', 3387271, 16659, 68),
(1698391, 'Apartamentos Glaç Soldeu 3000', 3580171, 304525, 73),
(1698401, 'Deusol', 3580181, 304525, 73),
(1698411, 'Hotel Xalet Montana', 3580191, 304525, 68),
(1698421, 'Hotel Montblanc', 3580201, 217789, 68),
(1698431, 'Hotel Kandahar', 3580211, 304523, 68),
(1698441, 'Hotel Casado', 3580221, 304523, 68),
(1698451, 'Aparthotel Les Olimpiades', 3580231, 304523, 68),
(1698461, 'Apartaments Turistics Manzano', 3580241, 304523, 68),
(1698471, 'Apartaments Els Avets', 3580251, 304523, 73),
(1698481, 'Residencia Snow Lake', 3580261, 304523, 68),
(1698491, 'Eslalom', 3580271, 304523, 68),
(1698501, 'Apartaments Crest Pas', 3580281, 304523, 73),
(1698511, 'Hotel Babot', 3580291, 16659, 68),
(1698521, 'Apartaments Vilaró', 4152924, 307622, 72),
(1698531, 'Apartaments La Neu', 3580311, 307622, 68),
(1698541, 'Aparthotel La Neu', 3580321, 307622, 72),
(1698551, 'Apartaments Vilalta', 3580331, 16656, 68),
(1698561, 'Hotel la Mola', 3580341, 16656, 68),
(1698571, 'Aparthotel Ona Dorada el Tarter', 3580351, 217787, 73),
(1698581, 'Aparthotel Llempó', 3580361, 217787, 73),
(1698591, 'Obaga Blanca & Spa', 3580371, 217787, 73),
(1698601, 'Els Meners', 3580381, 217787, 72),
(1698611, 'Apartaments Sant Moritz', 3580391, 304519, 72),
(1698621, 'Hotel Aymà', 3580401, 304519, 68),
(1698631, 'Hotel Cims Andorra', 3580411, 16654, 68),
(1698641, 'Hostal Cisco De Sans', 3580421, 16654, 70),
(1698651, 'Hotel Font Del Marge', 3580431, 16654, 68),
(1698661, 'Hotel Festa Brava', 3580441, 16654, 68),
(1765211, 'Hotel Confort', 3646991, 304525, 68),
(1765221, 'Lake Placid', 3647001, 304523, 72),
(1765231, 'Hotel Parma', 3647011, 304523, 68),
(1765241, 'Hotel Univers', 3647021, 16656, 68),
(1765251, 'Hotel Alfa', 3647031, 16656, 68),
(1766051, 'Hotel Mu', 3647831, 308211, 68),
(1818491, 'Apartaments Casa Vella Popaire', 3700271, 304525, 72),
(1818501, 'Hotel La Burna Panoràmic', 4089979, 308103, 68),
(1818511, 'Hotel Les Truites', 3700291, 304523, 68),
(1818521, 'Hotel Meta', 3700301, 304523, 68),
(1818531, 'Petit Hotel', 3700311, 304523, 68),
(1818541, 'Hotel Camel·lot', 3700321, 304523, 68),
(1818551, 'Hotel Confort', 3700331, 304523, 68),
(1818561, 'HolaStays Hotel La Cabana', 3700341, 16659, 68),
(1818571, 'Hotel Palarine', 3700351, 304522, 68),
(1818581, 'Relais du Silence Hotel Palomé', 3700361, 304522, 68),
(1818591, 'Hotel Pere d''Urg', 3700371, 16656, 68),
(1818601, 'Hotel Oros', 3700381, 16656, 68),
(1818611, 'Hort De Popaire', 3700391, 217787, 73),
(1818621, 'Hotel Montané', 3700401, 304519, 68),
(1818631, 'Hostel Micolau', 3700411, 304519, 123),
(1818641, 'Apartaments Ski-Golf', 3700421, 304519, 73),
(1818651, 'AnyosPark Hotel Wellness Resort', 3700431, 304521, 106),
(1818661, 'Hotel de l''Isard', 3700441, 16654, 68),
(1921991, 'Hotel Acta Arthotel', 4219698, 16654, 68),
(1922001, 'Hotel Acta Florida', 3814541, 16654, 68),
(1934584, 'Apartamentos La Pleta de Soldeu', 3830937, 304525, 73),
(1934585, 'Apartamentos Cibós 3000', 3830938, 217789, 73),
(1934586, 'Somriu Hotel Chat', 3830939, 304523, 68),
(1934587, 'LCB Apartaments Pas de la Casa', 3830940, 304523, 72),
(1934588, 'Apartamentos Calgary', 3830941, 304523, 72),
(1934589, 'Apartamentos Sapporo', 3830942, 304523, 72),
(1934590, 'Altissim Nevada II', 3830943, 304523, 72),
(1934591, 'Altissim Grantetras', 3830944, 304523, 72),
(1934592, 'Altissim Tres Estrelles', 3830945, 304523, 72),
(1934593, 'Altissim Lake Placid', 3830946, 304523, 72),
(1934594, 'Altissim Grizzly', 3830947, 304523, 72),
(1934595, 'Apartamentos Vaquers 3000', 3830948, 304523, 73),
(1934596, 'Apartamentos Lake Placid 3000', 3830950, 304523, 73),
(1934597, 'Apartamentos Paradis Blanc 3000', 3830951, 304523, 73),
(1934598, 'Apartamentos La Merceria 3000', 3830953, 304526, 73),
(1934599, 'Apartamentos Magic Canillo Resort', 3830954, 217787, 73),
(1950529, 'Tulip Inn Andorra Delfos', 3847059, 16657, 68),
(1950542, 'Euro Esqui', 3847072, 304525, 68),
(1950549, 'Hotel Vall Ski', 3847079, 304525, 68),
(1950561, 'Apartamentos Deusol 3000', 3847092, 304525, 73),
(1980483, 'Hotel Roc de St Miquel', 3877567, 304525, 68),
(1980484, 'Hotel Soldeu Maistre', 3877568, 304525, 68),
(1980485, 'Apartaments Turistics Pirineu', 3877569, 304525, 72),
(1980486, 'Borda Jovell', 3877570, 308103, 123),
(1980487, 'Hotel Sol-Park', 3877571, 217789, 68),
(1980488, 'Estudis Turístics Cims Pas 3000', 3877572, 304523, 73),
(1980489, 'Font D''Argent Pas de la Casa', 3877573, 304523, 68),
(1980490, 'Llac Negre', 3877574, 304523, 68),
(1980491, 'Hotel Guineu', 3877576, 304523, 68),
(1980492, 'Hotel Catalunya', 3877577, 304523, 68),
(1980493, 'Apartamentos K2', 3877578, 304523, 73),
(1980494, 'Hotel Les Neus', 3877579, 304523, 68),
(1980495, 'LCB Apartaments Pas de la Casa', 3877580, 304523, 73),
(1980496, 'Cal Ruiz', 4015966, 304523, 68),
(1980497, 'Aparthotel Condor', 3877582, 304523, 72),
(1980498, 'L'' Edelweiss', 3877583, 304523, 68),
(1980499, 'Appartements Solaris', 3877584, 304523, 73),
(1980500, 'Hotel Panda', 3877589, 304523, 68),
(1980501, 'LCB Apartamentos Lake Placid', 3877593, 304523, 73),
(1980502, 'Apartamentos Madriu Sherpa', 3877595, 304523, 72),
(1980503, 'Hotel Mirtil', 3877596, 304523, 68),
(1980504, 'Altissim Canigou', 3877597, 304523, 73),
(1980505, 'Hotel Ordino', 3877598, 16659, 68),
(1980506, 'Hotel Santa Bàrbara De La Vall D''ordino', 3877599, 16659, 68),
(1980507, 'Erts', 3877600, 217788, 68),
(1980508, 'Del Pui', 3877601, 217788, 68),
(1980509, 'Hotel Sucara', 3877602, 308211, 68),
(1980510, 'Hotel Arbre De Gel', 3877604, 16656, 68),
(1980511, 'Hotel Coray', 4096852, 16656, 68),
(1980512, 'Apartaments Del Meligar', 3877606, 16656, 73),
(1980513, 'Apartaments L''Orri', 3877607, 16656, 72),
(1980514, 'Apartamentos Superior El Tarter', 3877608, 304526, 72),
(1980515, 'La Merceria B - Vacances Pirinenca', 3877609, 304526, 72),
(1980516, 'Apartamentos Gran Sol', 3877610, 304526, 72),
(1980517, 'Hotel del Tarter', 3877611, 304526, 68),
(1980518, 'TMC Apartaments', 3877612, 304526, 73),
(1980519, 'Hotel El Xalet', 3877613, 304526, 68),
(1980520, 'Apartamentos grifovacances Julia', 3877614, 304526, 73),
(1980521, 'Apartaments Les Terrasses del Tarter', 3877615, 304526, 73),
(1980522, 'Mountain Hostel Tarter', 3877616, 304526, 70),
(1980523, 'Mirador Bordes de Envalira', 3877617, 217787, 73),
(1980524, 'Hotel Roc Del Castell', 3877618, 217787, 68),
(1980525, 'Font D''Argent Canillo', 3877619, 217787, 68),
(1980526, 'Aparthotel Roc Del Castell', 3877620, 217787, 72),
(1980527, 'Apartaments Sant Bernat', 3877621, 217787, 72),
(1980528, 'Camping - Bungalows Janramon', 3877622, 217787, 74),
(1980529, 'Hotel La Pedrera', 3877625, 16654, 68),
(1980530, 'Hotel Bellpi', 3877626, 16654, 68),
(1980531, 'Hotel Pitiusa', 3877627, 16654, 68),
(1980532, 'Hotel Jaume I', 3877628, 16654, 68),
(1980533, 'Residència Restaurant Indalo', 3877629, 16654, 70),
(1980534, 'Alberg la Comella', 3877630, 16654, 123),
(1980535, 'Racó d''en Joan', 3877631, 16654, 70),
(2070315, 'Apartamentos Turisticos Xixerella', 3968644, 304520, 72),
(2070316, 'Xixerella Park Bungalows', 3968645, 304520, 70),
(2070322, 'L''Ermita', 3968651, 217787, 68),
(2070323, 'Hotel Eureka', 3968652, 16657, 68),
(2070324, 'Espel', 3968653, 16657, 68),
(2070325, 'Hotel Tropical', 3968654, 16657, 68),
(2070326, 'Roc Blanc & Spa', 3968655, 16657, 68),
(2070327, 'Les Closes', 3968657, 16657, 68),
(2070328, 'Hotel Spa Termes Carlemany', 3968658, 16657, 68),
(2070329, 'Hotel i Apartaments Cosmos', 3968659, 16657, 73),
(2070330, 'Siracusa', 3968660, 16657, 68),
(2070331, 'Hotel Les 7 Claus', 3968661, 16657, 68),
(2070332, 'Hotel Marfany', 3968662, 16657, 68),
(2070333, 'Aparthotel Iceberg', 3968664, 16657, 72),
(2070334, 'Oriol', 3968665, 16657, 68),
(2070337, 'Hotel del Bisset', 3968668, 307880, 68),
(2070338, 'Residencia Aldosa', 3968669, 307880, 70),
(2070344, 'Hotel & Spa Xalet Bringue', 3968675, 416748, 68),
(2070345, 'Niunit Hotel Ordino', 5451093, 307622, 68),
(2070346, 'ApartHotel RIALB', 3968677, 307622, 73),
(2070347, 'Hotel Sant Miquel', 3968678, 308211, 68),
(2070349, 'Hotel Parador Canaro & Ski', 3968680, 304525, 68),
(2070350, 'Apartaments Bonet', 3968681, 304520, 73),
(2070360, 'Apartaments Inter Esquí', 3968692, 304526, 72),
(2070362, 'Cal Bou Rural Resort', 3968694, 16654, 70),
(2070363, 'Hotel Parador de Canolich', 3968695, 217789, 68),
(2070364, 'Hotel Barcelona', 3968696, 217789, 68),
(2070365, 'Apartaments Els Llacs', 3968698, 16656, 72),
(2090052, 'Apartamentos Arans 3000', 3988499, 308491, 70),
(2116700, 'Grand Valira', 4016167, 304523, NULL),
(2117182, 'Restaurant l`Eulari de Pal', 4016911, 304520, 29),
(2118017, 'Andorra grandvalira', 4167171, 304523, 112),
(2119127, 'Mon bohemi', 4020437, 217788, NULL),
(2119170, 'Mon bohemi', 4020501, 217788, 29),
(2119494, 'Mon Bohemi', 4020824, 217788, 40),
(2120009, 'Centro Comercial Andorra 2000', 4021071, 16654, 25),
(2121294, 'Jimmy', 4021695, 16654, 131),
(2122337, 'El Rebost del Padri', 4022525, 16654, 29),
(2123428, 'Anillo de Ordino', 4024447, 16659, 81),
(2123618, 'Santa coloma, andorra', 5431250, 406357, 81),
(2123755, 'Valle de Incles, Andorra', 5430486, 16654, 126),
(2123764, 'Vall d''Incles, Andorra', 4024989, 217787, 126),
(2123766, 'Vall d''Incles, Andorra', 4024990, 217787, NULL),
(2124721, 'Andorra', 4024421, 16654, 91),
(2124817, 'Paisages', 4026523, 16654, NULL),
(2125081, 'ENCAMP', 4026769, 16656, NULL),
(2125146, 'SOLDEU', 1885301, 406639, 81),
(2130155, 'Xalet Llopis', 4032956, 304519, 69),
(2131980, 'Restaurant La Coma', 4034781, 304525, 29),
(2133191, 'Ruta de Andorra', 4077810, 304523, 126),
(2135578, 'Hotel Sport', 4038379, 304525, 68),
(2135676, 'Aragon, Cataluña y Andorra', 5355478, 16654, 115),
(2135898, 'Hotel de Hielo', 4038699, 217787, 68),
(2136248, 'Hôtel Valmar', 4039049, 16654, 68),
(2138079, 'Los Picos de Andorra', 4220260, 16654, 8),
(2140438, 'Iglesia San Clemente', 4220407, 16654, 14),
(2141617, 'Grandvalira de noche', 4044418, 304523, 49),
(2141643, 'Andorra', 4212451, 304523, 49),
(2153308, 'Magasin IT', 5362038, 304523, 27),
(2153309, 'Magasin Olympia', 5363491, 304523, 27),
(2161082, 'Casado', 1237792, 304523, 68),
(2161685, 'Valle de incles', 4064486, 16654, 53),
(2162261, 'El Panet', 4119192, 16654, 29),
(2175855, 'Lake Engolasters', 5352672, 16654, 2),
(2176619, '120 Andorra Restaurant', 4086584, 16654, 29),
(2176923, 'Compras  en Andorra ', 4087072, 416746, 131),
(2177797, 'Vallnord Bike Park', 5359146, 217788, 87),
(2178280, 'Andora', 2053641, 16654, 115),
(2179832, 'Apartamentos K2 en Andorra la Vella', 4092812, 16654, 68),
(2181387, 'Andorra', 4095222, 16654, 115),
(2183653, 'Cedros libano', 4100400, 16654, 81),
(2184571, 'Río Valira', 4102260, 16654, 7),
(2186231, 'Andorra', 4104325, 16654, NULL),
(2188270, 'Borda Vella', 4106061, 16656, 29),
(2188707, 'La Mossegada', 4106449, 16654, 29),
(2189586, 'Magic Andorra', 4108127, 16654, 68),
(2189588, 'Himalaia Pas', 4108129, 16656, 68),
(2189603, 'Encamp', 4108143, 16656, 68),
(2189613, 'Magic Pas', 4108155, 16656, 68),
(2189825, 'Murguia', 4108467, 304523, 75),
(2190633, 'Chechaoun', 2053641, 304523, 75),
(2190759, 'En ruta', 4109900, 304523, 3),
(2191025, 'La isla de ons es un ensueñooo sus lindas aguas cristalinas  su fauna y flora tiene unos acantilados impresionantes pudes pasarte unas vacaciones relajadas noo tiene cocheses osea en una palabra no tieme contaminación respiras aire purooo  trankikilidad a', 4110169, 304524, 6),
(2191269, 'Farmacia torrent encamp', 5420619, 16656, 27),
(2191371, 'Corocoras', 4110830, 217787, 131),
(2191396, 'Andorra infinita', 5354672, 16654, 81),
(2191566, 'Desembarco del Victoria', 2809531, 217787, 131),
(2191696, 'Un pueblo que se llama Bulnes', 4111222, 16657, 72),
(2191884, 'Andorra', 5419786, 16654, 2),
(2192405, 'Pueblo abandonado l''Estall (Huesca)', 5423125, 217788, 112),
(2192808, 'Ver la puesta del sol des de la Cova d''en Xoroi', 4113042, 16654, 131),
(2192825, 'Comapedrosa', 4113055, 217788, 4),
(2195728, 'La puesta de sol en santelmo', 4118214, 217787, 80),
(2196805, 'Ciudad de La Paz un día igual a otro', 4120327, 16654, 80),
(2196891, 'Grandes Momentos', 4120546, 16654, 80),
(2197379, 'En un rincon de Atacames se encuentra este hotel 4 estrellas... bueno para familias. Club del Sol', 4121472, 217787, 80),
(2200015, 'Fotos10', 4128330, 16654, 80),
(2200060, 'Gica''m Andorra Electric eXperience', 385216, 16659, 87),
(2201046, 'Hotel Sant Gorthard', 4129816, 304522, 68),
(2202744, 'Mushing ', 4132303, 217788, 87),
(2202748, 'Snowmobiling in Vallnord', 5355464, 217788, 87),
(2202752, 'Gastronòmic Vallnord Pal restaurant', 4132311, 217788, 29),
(2202755, 'Restaurante Oasis Caldea', 4132314, 16657, 29),
(2202757, 'Sant Cristófol d´Anyos Church', 4212450, 217788, 14),
(2202763, 'Santa Coloma church', 5508248, 406357, 14),
(2202768, 'Hamburgueseria And Burger Zero', 4132327, 16657, 29),
(2203347, 'My world', 2053641, 16654, 80),
(2205244, 'VALLNORD', 5352282, 304520, NULL),
(2205250, 'Arinsal', 5355632, 304519, NULL),
(2205257, 'Arinsal', 5352824, 304519, NULL),
(2206029, 'Gica''m 4x4', 385216, 16659, NULL),
(2206030, 'Gica''m 4x4', 4137987, 16659, 87),
(2206982, 'Hotel Les Fonts', 5455243, 16654, 68),
(2206983, 'Barri Antic Hostel & Pub', 5458723, 16654, 70),
(2206984, 'Pensión La Rosa', 385216, 16654, 70),
(2206986, 'Andorra', 4139779, 304523, NULL),
(2211993, 'Angelo and Friends', 4146339, 16654, 29),
(2214597, 'Hotel del Tarter', 4149553, 304526, 68),
(2215967, 'El Burg', 4152766, 16654, 29),
(2216198, 'Hotel del Tarter', 4153176, 304526, 68),
(2220514, 'Inuu', 4162805, 16657, 33),
(2222013, 'L''Andorre', 4024421, 16654, 83),
(2222016, 'La brasserie Alpha', 4024421, 16654, 40),
(2222017, 'Les bordas d''Andorre', 4024421, 16654, 15),
(2222018, 'Le musée du tabac', 4024421, 16654, 11),
(2222020, 'Les vignes Borda Sabaté', 4024421, 16654, 36),
(2227751, 'Col d''Envalira', 4207536, 304523, 4),
(2228940, 'Restaurant Marisqueria Don Denis Escaldes Andorra', 5429868, 16657, 29),
(2231575, 'Les Escaldes', 4676, 16657, 112),
(2302869, 'Sant Julià de Lòria', 205993, 217789, 112),
(2381188, 'Anyos', 249488, 304521, 112),
(2381189, 'Erts', 249504, 304522, 112),
(2381190, 'Pas de la casa', 249486, 304523, 112),
(2381191, 'Grau Roig', 5441910, 304524, 112),
(2381192, 'El Tarter', 249490, 304526, 112),
(2383817, 'Segudet', 333311, 307880, 112),
(2384032, 'Sispony', 323754, 308103, 112),
(2384133, 'la Cortinada', 333274, 308211, 112),
(2384394, 'Arans', 5395650, 308491, 112),
(2387399, 'Restaurant Moli dels Fanals', 4255134, 308103, 29),
(2461269, 'Soldeu el Tarter', 5524585, 304525, 87),
(2461287, 'Soldeu Ski School', 1, 304525, NULL),
(2461300, 'Parador Canaro', 1, 304525, NULL),
(2461312, 'Gall Trail', 4330299, 304525, NULL),
(2461320, 'Calbo Equestrian Center', 1, 304525, NULL),
(2461328, 'Aspen Bar', 4330312, 304525, NULL),
(2461335, 'Grandvalira Golf', 1, 304525, NULL),
(2461350, 'Cabana Sorda Lake Trail', 1, 217787, NULL),
(2461360, 'El Siscaro - Biax Lake Trail', 1, 217787, NULL),
(2461373, 'Coma de Ransol''s Ravine', 1, 355951, NULL),
(2461387, 'Inter-parish Path', 1, 217787, NULL),
(2461400, 'El Tarter Equestrian Center', 1, 304526, NULL),
(2461418, 'Camino del Toll Bullidor', 1, 217787, NULL),
(2461439, 'Ice Palace of Andorra', 1, 217787, NULL),
(2461449, 'Roc del Quer Via Ferrata', 1, 217787, NULL),
(2461473, 'Sant Serni de Canillo', 4330427, 217787, NULL),
(2461511, 'Motorcycle Museum', 4330462, 217787, NULL),
(2461531, 'Canal de la Mora Via Ferrata', 1, 217787, NULL),
(2461545, 'Sport Wellness Moutain Spa', 1, 217787, NULL),
(2461570, 'Racons Via Ferrata', 4330519, 217787, NULL),
(2461576, 'Racons Via Ferrata', 4330524, 217787, NULL),
(2461585, 'Riu d''Urina Waterfall Climbing Wall', 4330533, 217787, NULL),
(2461593, 'The "Winding Waters" of Siscaro Tour', 1, 217787, NULL),
(2461603, 'Alpine Marmot Trail', 1, 217787, NULL),
(2461617, 'The Derby Irish Pub', 4330558, 304519, NULL),
(2461629, 'Vallnord Ski Area, Sector Arinsal', 4330567, 304519, NULL),
(2461641, 'Vallnord Bike Park', 1, 304519, NULL),
(2461652, 'Tristaina Lake Trail', 4330588, 304519, NULL),
(2461663, 'Comapedrosa Highlands Trail', 4330597, 304519, NULL),
(2461672, 'Percanela-Les Fonts-Pla de l''Estany Trail', 4330605, 304519, NULL),
(2461682, 'Coll de les Cases Trail', 1, 304519, NULL),
(2461689, 'Verdaguer-Creussans Lake Trail', 1, 304519, NULL),
(2461702, 'Roc de la Coma d''Erts Via Ferrata', 1, 304522, NULL),
(2461710, 'Jou-La Cauba Rock Trail', 4330634, 304522, NULL),
(2461731, 'Romanesque Andorra Interpretation Centre', 4330652, 304520, NULL),
(2461739, 'Pal-Sispony Path', 1, 304520, NULL),
(2461746, 'Centre d''interpretació del romànic a Andorra', 4330666, 304520, NULL),
(2461753, 'El Cardemeller Peak-Brisbe Fountain Trail', 4330673, 304520, NULL),
(2461769, 'La Farga Rossell', 1, 217788, NULL),
(2461778, 'Comapedrosa Valley National Park', 4330697, 217788, NULL),
(2461789, 'Comic Museum', 4330707, 217788, NULL),
(2461797, 'Encodina''s Ravine', 1, 217788, NULL),
(2461801, 'The Pollos River Walk', 1, 217788, NULL),
(2461811, 'Sant Antoni de la Grella Climbing Wall', 4330726, 217788, NULL),
(2461833, 'Huts of Percanela Tour', 4330746, 217788, NULL),
(2461877, 'L''Aldosa Horse Center & Trails', 4330787, 217788, NULL),
(2461905, 'Anyos-L''Aldosa Trail', 4330815, 217788, NULL),
(2461943, 'Museum Casa Rull', 4330848, 308103, NULL),
(2461950, 'Muntaner Pass-Enclar Peak Trail', 1, 308103, NULL),
(2461961, 'Pitch & Putt El Torrent', 4330864, 217788, NULL),
(2461974, 'Tobacco Museum', 4330876, 217789, NULL),
(2461986, 'Borda Sabaté', 1, 217789, NULL),
(2461992, 'Juberri-La Rabassa Trail', 4330891, 217789, NULL),
(2462001, 'Wheat Trail Tour', 4330898, 217789, NULL),
(2462007, 'Canolich Trail', 1, 217789, NULL),
(2462014, 'Francoli Trail', 4330909, 217789, NULL),
(2462022, 'La Senyoreta Trail', 4330916, 217789, NULL),
(2462027, 'Tossal Gran d''Aixovall Via Ferrata', 1, 217789, NULL),
(2462042, 'Casa Bou Horse Center & Trails', 4330933, 416747, NULL),
(2462049, 'Rocafort Trail', 4330939, 416747, NULL),
(2462057, 'Fontaneda-La Gallina Pass Trail', 4330946, 416747, NULL),
(2462063, 'Sant Miquel de Fontaneda', 4330951, 416747, NULL),
(2462105, 'Perfume Museum', 4330989, 16657, NULL),
(2462111, 'Juclar Lake', 1, 16657, NULL),
(2462124, 'Centre Comercial Illa Carlemany', 4331004, 16657, NULL),
(2462129, 'Roc d''Esquers Via Ferrata', 4331009, 16657, NULL),
(2462134, 'Boulder de Coll Jovell Climbing Wall', 1, 16657, NULL),
(2462139, 'Agulles d''Engolasters Climbing Wall', 1, 16657, NULL),
(2462164, 'Fontverd Trail Tour', 4331041, 16657, NULL),
(2462195, 'Muntanyes Vives Horse Center & Trails', 4331072, 16657, NULL),
(2462226, 'La Plana Horse Center & Trails', 4331103, 16657, NULL),
(2462257, 'Casa Canut', 4331134, 16657, NULL),
(2462277, 'Maiana Pass Trail', 4331152, 16657, NULL),
(2462284, 'Blau Lake Trail', 1, 16657, NULL),
(2462292, 'Entremesaigues Trail', 4331166, 16657, NULL),
(2462301, 'Madrui Valley Trail', 4331173, 16657, NULL),
(2462307, 'Perafita Trail', 4331179, 16657, NULL),
(2462314, 'Fontverd Trail', 1, 16657, NULL),
(2462327, 'Lagos de Tristania', 1, 416748, NULL),
(2462335, 'Canya de la Rabassa-Pla de Sorteny-El Quer Plateau Trail', 1, 416748, NULL),
(2462341, 'Pi Cremat Path', 1, 416748, NULL),
(2462348, 'Canya de la Rabassa-Pla de Sorteny Trail', 1, 416748, NULL),
(2462354, 'Puntal-Rialb-la Rabassa Trail', 4331221, 416748, NULL),
(2462376, 'Lake of the Vall del Riu Trail', 4331243, 16659, NULL),
(2462395, 'House Museum d''Areny-Plandolit', 4331262, 16659, NULL),
(2462427, 'Casamanya Peak Trail', 4331294, 16659, NULL),
(2462458, 'Sant Corneli y Sant Cebria', 4331322, 16659, NULL),
(2462490, 'Turer Route Trail', 4331354, 16659, NULL),
(2462510, 'Postal Museum', 4331373, 16659, NULL),
(2462522, 'Segudet Via Ferrata', 1, 16659, NULL),
(2462528, 'Museu Postal', 1, 16659, NULL),
(2462533, 'Castellar Bridge Ordino Village Path', 1, 16659, NULL),
(2462539, 'Creu del Noral Via Ferrata', 1, 16659, NULL),
(2462547, 'Canaleta''s Ravine', 1, 16659, NULL),
(2462554, 'Sub-Alpine Flora and Fauna Trail', 1, 16659, NULL),
(2462564, 'Pitt & Putt Par 3 Vall d''Ordino', 1, 308211, NULL),
(2462576, 'Cal Pal Mill and Sawmill', 1, 308211, NULL),
(2462581, 'La Cortinada Nature Centre', 1, 308211, NULL),
(2462592, 'L''Angonella Lake Trail', 4331440, 307622, NULL),
(2462598, 'Ensegur''s Ravine', 1, 307622, NULL),
(2462603, 'Llorts to Sedornet Trail', 4331449, 307622, NULL),
(2462608, 'Segudet''s Ravine', 1, 307880, NULL),
(2462612, 'Bosque de Segudet', 1, 307880, NULL),
(2462673, 'Grandvalira Ski Resort', 4331514, 16654, NULL),
(2462757, 'Sant Esteve Church', 4331590, 16654, NULL),
(2462764, 'Sola Irrigation Canal Trail', 4331597, 16654, NULL),
(2462770, 'Coll Arenys', 4331603, 16654, NULL),
(2462775, 'Casa de la Calle', 4331607, 16654, NULL),
(2462782, 'La Nou Lake Trail', 4331614, 16654, NULL),
(2462785, 'Prat Primer via La Palomera Forest Path Trail', 4331617, 16654, NULL),
(2462792, 'Fountain Circuit 2 Trail', 4331623, 16654, NULL),
(2462798, 'Karting Grandvalira', 4331628, 16654, NULL),
(2462804, 'Fountain Circuit 1 Trail', 1, 16654, NULL),
(2462811, 'Sant Vicenc d''Enclar Via Ferrata', 1, 406357, NULL),
(2462817, 'Piramide Climbing Wall', 4331642, 406357, NULL),
(2462822, 'Enclar Valley Trail', 4331646, 406357, NULL),
(2462832, 'Les Abelletes Lake Trail', 1, 304523, NULL),
(2462840, 'Pas Productions', 4331662, 304523, NULL),
(2462862, 'Els Pessions Trail', 1, 304523, NULL),
(2462877, 'Els Agols Refuge and Peak Trail', 1, 304523, NULL),
(2462904, 'Andorracrawl', 4331719, 304523, NULL),
(2462924, 'Coll dels Isards Via Ferrata', 1, 304523, NULL),
(2462940, 'Alto del Griu Trail', 1, 304523, NULL),
(2462964, 'Bony de les Neres Trail', 1, 304523, NULL),
(2462981, 'Portella Blanca Trail', 1, 304523, NULL),
(2463001, 'El Cubil Petit Trail', 1, 304523, NULL),
(2463031, 'Pico de Ribuls Climbing Wall', 1, 304523, NULL),
(2463043, 'National Automobile Museum', 4331843, 16656, NULL),
(2463054, 'Engolasters Lake-Les Pardines Path', 4331854, 16654, NULL),
(2463062, 'Engolasters Lake Trail', 1, 16656, NULL),
(2463070, 'Ethnographic Museum Casa Cristo', 4331866, 16656, NULL),
(2463079, 'Pessons Cirque Tour', 4331873, 16656, NULL),
(2463086, 'Santa Eulalia', 4331879, 16656, NULL),
(2463094, 'Museum of Electricity', 4331886, 16656, NULL),
(2463101, 'Sacred Art Museum', 4331893, 16656, NULL),
(2463106, 'Clots de l''Aspra Via Ferrata', 4331898, 16656, NULL),
(2463114, 'Campea Forest Tour', 4331906, 16656, NULL),
(2463119, 'Bony d''Envalira Via Ferrata', 1, 16656, NULL),
(2463126, 'Torrent de l''Aviar''s Ravine', 1, 16656, NULL),
(2463134, 'Beixalis Mountain Pass and Padern Peak Tour', 4331923, 16656, NULL),
(2463145, 'El Campea Springs Trail', 4331933, 16656, NULL),
(2667408, 'LA BIRRERIA ANDORRA', 4504520, 16654, NULL),
(2689409, 'Grans Magatzems Pyrénées', 4524273, 16654, NULL),
(2689410, 'Centre Comercial Escale', 4524274, 16654, NULL),
(2930001, 'The Merlot Restaurant - Soldeu (Hort de Popaire)', 4749539, 304525, NULL),
(2930017, 'Restaurante Taverna de la iaia', 4749555, 304525, NULL),
(2930074, 'Restaurant La Llar de L''artesa - Borda Popaire', 1, 304525, NULL),
(2930099, 'La Caleta', 1, 304525, NULL),
(2930123, 'Fat Albert''s', 4749650, 304525, NULL),
(2930145, 'Pizzeria L''Avet', 1, 304525, NULL),
(2930161, 'Hotel Bruxelles Restaurant', 1, 304525, NULL),
(2930169, 'Aspen Bar', 1, 304525, NULL),
(2930176, 'Sport Hotel Hermitage & Spa 5* Glass Bar', 1, 304525, NULL),
(2930182, 'Snack Sol i Neu', 1, 304525, NULL),
(2930190, 'Restaurante Steak House Gall de Bosc', 1, 304525, NULL),
(2930198, 'Cort de Popaire', 4749714, 304525, NULL),
(2930204, 'Pub Villager Sport Hotel Village', 1, 304525, NULL),
(2930212, 'Hotel Naudi Restaurant', 4749725, 304525, NULL),
(2930219, 'La Palmera De Soldeu', 1, 304525, NULL),
(2930226, 'Origen', 1, 304525, NULL),
(2930231, 'Arrels', 4749740, 304525, NULL),
(2930239, 'Restaurante Fontanella', 4749747, 304525, NULL),
(2930287, 'Borda del Rector', 4749792, 217787, NULL),
(2930320, 'Hotel Parador Canaro S.L. Restaurant', 4749824, 217787, NULL),
(2930331, 'Restaurant i Supermercat La Coma', 1, 217787, NULL),
(2930338, 'Bar Restaurant Can Pep', 1, 217787, NULL),
(2930350, 'Hotel Galanthus Restaurant', 1, 217787, NULL),
(2930362, 'La Cabaneta', 1, 217787, NULL),
(2930383, 'Restaurant El Saler', 4749881, 355951, NULL),
(2930400, 'Borda de l''Horto', 4749898, 355951, NULL),
(2930403, 'Hotel Segle XX Restaurant', 4749901, 355951, NULL),
(2930414, 'L''Abarset', 4749912, 304526, NULL),
(2930420, 'Dylan''s', 4749918, 304526, NULL),
(2930428, 'Hotel Nordic', 4749926, 304526, NULL),
(2930432, 'Snack Bar El Clos', 1, 304526, NULL),
(2930439, 'Restaurant Del Clos', 4749936, 304526, NULL),
(2930450, 'Restaurant L''Ermita', 4749947, 217787, NULL),
(2930490, 'Restaurant La Galeria', 4749983, 217787, NULL),
(2930536, 'Moli Del Peano', 4750029, 217787, NULL),
(2930559, 'Pastisseria Salo De Te Les Delicies Del Jimmy', 4750049, 217787, NULL),
(2930600, 'Burger Roc', 4750090, 217787, NULL),
(2930603, 'Arrosseria Pi de Migdia', 5523927, 217787, 29),
(2930605, 'L’ Arlequi', 4750094, 217787, NULL),
(2930609, 'Bar Restaurant Els Pessons', 4750098, 217787, NULL),
(2930647, 'la cantina dels racons', 4750136, 217787, NULL),
(2930653, 'Borda L''Era del Rossell', 4750142, 217787, NULL),
(2930658, 'Hotel Font D''Argent Canillo Restaurant', 4750147, 217787, NULL),
(2930663, 'Bar Restaurant La Relliscada', 1, 217787, NULL),
(2930669, 'El Forn', 4750157, 217787, NULL),
(2930678, 'Hotel Del Tarter', 4750166, 217787, NULL),
(2930694, 'La Taula Dels Amies', 1, 217787, NULL),
(2930702, 'Bar Restaurant Frankfurt El Cobert', 4750189, 217787, NULL),
(2930710, 'La Fabrica de Gel, Palau de Gel', 4750196, 217787, NULL),
(2930718, 'The Creperia', 4750203, 217787, NULL),
(2930725, 'The Villager Tapas & Wine', 1, 217787, NULL),
(2930732, 'Taverna De L''Iguana', 1, 217787, NULL),
(2930743, 'Cal lulu', 4750226, 217787, NULL),
(2930761, 'Snack Bar The Bull', 4750243, 304519, NULL),
(2930766, 'El Moli', 4750248, 304519, NULL),
(2930775, 'Restaurant 360', 4750257, 304519, NULL),
(2930783, 'Quo Vardis', 1, 304519, NULL),
(2930791, 'LA LLUM D''OLI', 1, 304519, NULL),
(2930800, 'Restaurante Cisco''s', 4750278, 304519, NULL),
(2930805, 'Cerro Otto', 1, 304519, NULL),
(2930815, 'Polar Base Bar Restaurant', 4750292, 304519, NULL),
(2930820, 'Pampa', 4750296, 304519, NULL),
(2930828, 'Polar Bar Restaurant', 1, 304519, NULL),
(2930839, 'Surf', 4750314, 304519, NULL),
(2930848, 'Restaurant El Bosc', 4750323, 304519, NULL),
(2930856, 'El Refugi de la Fondue', 4750330, 304519, NULL),
(2930864, 'Sagarotegui Herri', 4750337, 304519, NULL),
(2930872, 'Emo', 1, 304519, NULL),
(2930881, 'Restaurant El Xalet', 1, 304519, NULL),
(2930887, 'Hotel Crest Restaurant', 1, 304519, NULL),
(2930903, 'Borda d''Erts', 1, 304522, NULL),
(2930910, 'Bambu Oriental Bar & Restaurant', 4750378, 304522, NULL),
(2930916, 'L''Hort De Casa', 4750384, 304522, NULL),
(2930930, 'Restaurant Lydia', 4750398, 304520, NULL),
(2930949, 'Bonet', 1, 304520, NULL),
(2930962, 'La Borda Xica', 4750426, 217788, NULL),
(2930971, 'Deja Vu', 1, 217788, NULL),
(2930979, 'La Capricciosa', 4750442, 217788, NULL),
(2930989, 'Tot en Pita', 4750452, 217788, NULL),
(2931003, 'Pizzeria Angelo', 4750466, 217788, NULL),
(2931013, 'Cal Silvino', 4750476, 217788, NULL),
(2931033, 'El Pi Restaurante', 4750496, 217788, NULL),
(2931040, 'Vesuvio', 4750503, 217788, NULL),
(2931052, 'Restaurant del Prat Gran', 5405034, 217788, 29),
(2931068, 'Pizza vitto', 4750529, 217788, NULL),
(2931076, 'Borda Xixerella', 4750537, 217788, NULL),
(2931099, 'Borda Casa Vella Pales', 4750560, 217788, NULL),
(2931119, 'Moli dels Fanals', 4750578, 308103, NULL),
(2931127, 'La Burna Restaurant', 4750585, 308103, NULL),
(2931144, 'Restaurant Can Pere', 4750602, 304521, NULL),
(2931153, 'Can Toni', 4750611, 304521, NULL),
(2931160, 'Restaurant Delizioso', 1, 304521, NULL),
(2931169, 'La Quadra Bufet Lliure', 1, 416746, NULL),
(2931178, 'Hotel Peralba', 4750634, 416746, NULL),
(2931195, 'Parador De Canolich Restaurant', 4750650, 217789, NULL),
(2931214, 'Pizzeria Angelo', 4750669, 217789, NULL),
(2931223, 'Cafe Principal', 4750678, 217789, NULL),
(2931229, 'Pizzeria Venezia', 1, 217789, NULL),
(2931237, 'McDonald''s', 1, 217789, NULL),
(2931247, 'Restaurant "La Vaca Grill"', 4750699, 217789, NULL),
(2931253, 'Bar Frankfurt L''Isard', 4750705, 217789, NULL),
(2931263, 'Bar Restaurant Xenius', 4750715, 217789, NULL),
(2931271, 'Bar Meritxell', 4750723, 217789, NULL),
(2931279, 'Bar Cadi', 4750731, 217789, NULL),
(2931288, 'Bar Canolich', 4750740, 217789, NULL),
(2931295, 'Bar-Restaurant Muntanya', 4750747, 217789, NULL),
(2931306, 'River Cafe', 4750758, 217789, NULL),
(2931313, 'Bar Roses', 4750765, 217789, NULL),
(2931321, 'Bar Restaurant El Raco De L''Agust', 4750773, 217789, NULL),
(2931328, 'Mac - Bar Punt De Trobada', 1, 217789, NULL),
(2931335, 'Granja Pastisseria La Maduixa', 4750785, 217789, NULL),
(2931344, 'Bar Restaurant Coto', 4750793, 217789, NULL),
(2931351, 'Bar Restaurant 100 X Hora', 4750799, 217789, NULL),
(2931359, 'Sant Eloi Hotel Restaurant', 4750807, 217789, NULL),
(2931369, 'Bar Del Centre', 4750817, 217789, NULL),
(2931378, 'Bar Restaurant Sancho Panza', 4750825, 217789, NULL),
(2931383, 'Bar Restaurant Abian', 4750829, 217789, NULL),
(2931391, 'Snack Bar La Passa', 4750837, 217789, NULL),
(2931399, 'Borda de conangle', 4750845, 217789, NULL),
(2931406, 'Bar Restaurant La Cuina', 4750852, 217789, NULL),
(2931416, 'Frankfurt-Cerveseria Loria', 4750862, 217789, NULL),
(2931427, 'Restaurant Camp Base Naturlandia', 4750873, 217789, NULL),
(2931450, 'Marquet Gourmeterie', 4750896, 16657, NULL),
(2931459, 'L''enoteca', 4750904, 16657, NULL),
(2931471, 'El Cachirulo', 4750915, 16657, NULL),
(2931491, 'Don Félix', 4750935, 16657, NULL),
(2931505, 'Pizzeria Angelo', 4750949, 16657, NULL),
(2931515, 'Jaleo', 4750959, 16657, NULL),
(2931525, 'El Greco', 4750969, 16657, NULL),
(2931534, 'La Paella Restaurant', 4750978, 16657, NULL),
(2931545, 'Bar Orelles', 4750990, 16657, NULL),
(2931553, 'Sevilla', 1, 16657, NULL),
(2931562, 'Casa del bistec -restaurant CB.', 4751006, 16657, NULL),
(2931571, 'Dehesa Santa Maria', 4751015, 16657, NULL),
(2931579, 'Restaurant Vermell', 4751023, 16657, NULL),
(2931587, 'Granja Roser', 4751031, 16657, NULL),
(2931596, 'Compte', 4751040, 16657, NULL),
(2931603, 'Cesar Ii', 4751046, 16657, NULL),
(2931613, 'Cheese''s Art Restaurant', 1, 16657, NULL),
(2931621, 'Deimos', 1, 16657, NULL),
(2931630, 'Restaurant La Taverna del Pa amb Tomàquet', 4751071, 16657, NULL),
(2931637, 'Els Jardin', 4751078, 16657, NULL),
(2931646, 'Mr. Wok Restaurant', 1, 16657, NULL),
(2931653, 'Pans & Company', 4751093, 16657, NULL),
(2931661, 'Turistic', 4751101, 16657, NULL),
(2931669, 'Restaurant Rústic Chic', 4751108, 16657, NULL),
(2931677, 'El Passadis', 1, 16657, NULL),
(2931687, 'Bar Tertulia', 4751125, 16657, NULL),
(2931694, 'Fenix Hotel Restaurant', 4751131, 16657, NULL),
(2931700, 'Restaurant Hong Kong', 1, 16657, NULL),
(2931708, 'La Creu Blanca', 4751144, 16657, NULL),
(2931722, 'KFC Pizza Hut', 4751158, 16657, NULL),
(2931729, 'Cafe Di Fiore', 4751165, 16657, NULL),
(2931738, 'Burger Lounge', 4751173, 16657, NULL),
(2931746, 'Els Jardins', 4751181, 16657, NULL),
(2931754, 'Fleca Font', 4751189, 16657, NULL),
(2931761, 'Krunch', 4751196, 16657, NULL),
(2931769, 'La Casa Del Formatge', 4751204, 16657, NULL),
(2931778, 'Restaurant El Rebost Ibèric', 1, 16657, NULL),
(2931787, 'Restaurante Mussol', 1, 16657, NULL),
(2931795, 'Les Oques', 4751227, 16657, NULL),
(2931803, 'La Taverna Forest', 4751235, 16657, NULL),
(2931814, 'Granja Espiga D''Or', 4751245, 16657, NULL),
(2931823, 'Pizza Roma', 4751254, 16657, NULL),
(2931833, 'L''Oasis', 4751264, 16657, NULL),
(2931842, 'L''olive', 4751272, 16657, NULL),
(2931865, 'La Taverna Italiana', 4751295, 16657, NULL),
(2931881, 'Hotel Bringue Restaurant', 5503194, 416748, 29),
(2931889, 'Hotel El Serrat Restaurant', 5503194, 416748, 29),
(2931897, 'Aparthotel Rialb Restaurant', 4751325, 416748, NULL),
(2931921, 'Hotel Sant Miquel Restaurant', 1, 416749, NULL),
(2931934, 'Nou Vertical', 1, 16659, NULL),
(2931942, 'Restaurant Pizzeria Coll D''Ordino', 4751366, 16659, NULL),
(2931951, 'Casa Leon Armengol', 4751375, 16659, NULL),
(2931960, 'Bar Restaurant Gaspa', 4751384, 16659, NULL),
(2931968, 'Snack-Bar Quim', 4751392, 16659, NULL),
(2931979, 'Hotel Coma Restaurant', 1, 16659, NULL),
(2931999, 'El xalet del bringue', 4751422, 416748, NULL),
(2932009, 'Hotel Babot Restaurant', 4751432, 16659, NULL),
(2932018, 'L''era d''en Jaume', 4751441, 16659, NULL),
(2932024, 'Bar Restaurant La Clota', 1, 16659, NULL),
(2932031, 'Hotel Ordino Restaurant', 1, 16659, NULL),
(2932038, 'Hotel La Cabana Restaurant', 4751459, 16659, NULL),
(2932048, 'Bar Bitlles', 4751469, 16659, NULL),
(2932057, 'Aparthotel Arans Restaurant', 4751478, 308491, NULL),
(2932074, 'Cal Tonet', 1, 308211, NULL),
(2932083, 'Hotel Cal Daina Restaurant', 4751501, 308211, NULL),
(2932092, 'Restaurant Font Blanca', 4751509, 308211, NULL),
(2932101, 'Hotel Sucara Restaurant', 1, 308211, NULL),
(2932117, 'La Neu Restaurant', 1, 307622, NULL),
(2932130, 'Borda Restaurant L''Era d''en Jaume', 4751545, 307622, NULL),
(2932135, 'Restaurant Bar El Raco Prat De Les Mines', 1, 307622, NULL),
(2932143, 'Aparthotel La Neu Restaurant', 1, 307622, NULL),
(2932148, 'Bar Aparthotel Fijat', 1, 307622, NULL),
(2932170, 'L''Escenari de Pizzes', 4751582, 16654, NULL),
(2932181, 'Plat''in', 4751593, 16654, NULL),
(2932196, 'Bodega Poblet', 4751608, 16654, NULL),
(2932207, 'El Crosto', 4751619, 16654, NULL),
(2932219, 'Restaurant Eximi', 5526160, 16654, 29),
(2932246, 'La Adelita Andorra', 4751657, 16654, NULL),
(2932255, 'Quarts de Quinze', 4751666, 16654, NULL),
(2932264, 'Restaurant Henri', 4751675, 16654, NULL),
(2932274, 'La Cava Andorra', 4751685, 16654, NULL),
(2932287, 'La Cúpula', 4751697, 16654, NULL),
(2932301, 'l'' Arrosseria', 4751711, 16654, NULL),
(2932324, 'Eatalian Republic', 4751731, 16654, NULL),
(2932332, 'Minim''s', 4751739, 16654, NULL),
(2932340, 'La Piazza', 4751747, 16654, NULL),
(2932350, 'El Grill at Hotel Novotel', 4751755, 16654, NULL),
(2932361, 'And Burger Zero', 4751766, 16654, NULL),
(2932383, 'Restaurante Mezza Luna', 4751787, 16654, NULL),
(2932399, 'Restaurant Ca La Conxita', 4751803, 16654, NULL),
(2932406, 'El Bon Raco Bar & Restaurant', 4751810, 16654, NULL),
(2932416, 'The Family Arms', 4751820, 16654, NULL),
(2932424, 'La Borda Pairal 1630', 5386122, 16654, 29),
(2932434, 'El Tall a Taula', 1, 16654, NULL),
(2932445, 'La Taverna D''En Mallol', 4751848, 16654, NULL),
(2932454, 'Le Papanico', 4751857, 16654, NULL);
INSERT INTO `pois` (`id`, `name`, `geocode_id`, `city_id`, `subcategory_id`) VALUES
(2932463, 'Pyrenees Department Store', 4751865, 16654, NULL),
(2932478, 'Can Benet', 5514242, 16654, 29),
(2932499, 'Pizzeria Primavera', 4751900, 16654, NULL),
(2932510, 'La Boheme', 4751910, 16654, NULL),
(2932534, 'Hostal Cisco de Sans', 4751934, 16654, NULL),
(2932543, 'Pecats', 4751943, 16654, NULL),
(2932553, 'Restaurant El Cap Bo', 4751953, 16654, NULL),
(2932568, 'Restaurant Dos Cacadors', 4751968, 16654, NULL),
(2932577, 'Los Dos Casadors', 4751976, 16654, NULL),
(2932585, 'Restaurant Pizzeria La Plazzeta', 1, 16654, NULL),
(2932595, 'Andburguerzero', 4751993, 16654, NULL),
(2932604, 'Restaurant Plaza at Hotel Plaza', 4752002, 16654, NULL),
(2932613, 'Art i pa andorra', 4752011, 16654, NULL),
(2932622, 'Lorenzo''s', 4752020, 16654, NULL),
(2932632, 'Restaurant Plato', 4752030, 16654, NULL),
(2932644, 'Papanico', 4752042, 16654, NULL),
(2932660, 'Casa Teresa', 4752058, 16654, NULL),
(2932670, 'Restaurante Vermell Ahotels Princep', 4752068, 16654, NULL),
(2932679, 'Restaurant Hotel Husa Centric', 4752077, 16654, NULL),
(2932685, 'Santagloria', 1, 16654, NULL),
(2932693, 'Restaurant 3 Eixos', 4752091, 16654, NULL),
(2932700, 'Pizzera Angelo', 4752098, 16654, NULL),
(2932709, 'El Jardi at Hotel Mercure', 4752107, 16654, NULL),
(2932720, 'Els Manyos', 4752118, 16654, NULL),
(2932729, 'Restaurant La Forquilla', 4752127, 16654, NULL),
(2932736, 'Hotel Hesperia Restaurant', 4752133, 16654, NULL),
(2932748, 'El Pebrot', 4752145, 16654, NULL),
(2932758, 'Hotel Isard Restaurant', 4752154, 16654, NULL),
(2932774, 'The Burger Lounge', 1, 16654, NULL),
(2932781, 'El Raco del Park', 4752175, 16654, NULL),
(2932789, 'Restaurant Pinosa', 4752183, 16654, NULL),
(2932798, 'Sushi and Gong', 4752191, 16654, NULL),
(2932804, 'Roma', 4752196, 16654, NULL),
(2932814, 'L''Alternativa', 4752206, 16654, NULL),
(2932825, 'Mama Maria', 4752217, 16654, NULL),
(2932835, 'El Japo', 4752227, 16654, NULL),
(2932846, 'Restaurant Raco D''En Josep', 4752238, 16654, NULL),
(2932855, 'Restaurant Els Cacadors', 4752247, 16654, NULL),
(2932862, 'El Panet', 4752254, 16654, NULL),
(2932868, 'Restaurant Lac I Cell', 1, 16654, NULL),
(2932877, 'Restaurant Els Cargols', 4752268, 16654, NULL),
(2932883, 'Frankfurt Pedralbes Andorra', 4752274, 16654, NULL),
(2932895, 'Lizarran', 4752286, 16654, NULL),
(2932913, 'Fesc Co', 4752304, 16654, NULL),
(2932920, 'El Gran Cafe', 4752311, 16654, NULL),
(2932931, 'La Taverna d''Excalibur', 4752322, 16654, NULL),
(2932941, 'Restaurant Camping Valira', 4752332, 16654, NULL),
(2932944, 'Restaurant Piscina Riberaygua', 1, 16654, NULL),
(2932953, 'La Taverna De Les Valls', 4752341, 16654, NULL),
(2932975, 'Els teus sentits', 4752362, 16654, NULL),
(2932984, 'El Grill', 4752371, 16654, NULL),
(2932993, 'Restaurant El Faisa', 4752380, 16654, NULL),
(2933002, 'Hotel Magic Andorra Restaurant', 4752389, 16654, NULL),
(2933012, 'La Fontana', 4752398, 16654, NULL),
(2933022, 'Restaurant Pizzeria Casa Teva', 4752408, 16654, NULL),
(2933034, 'Andorra Center Hotel Restaurant', 4752419, 16654, NULL),
(2933052, 'L''esquiador', 4752436, 16654, NULL),
(2933065, 'Bondia Cafe', 4752449, 16654, NULL),
(2933072, 'La Brasserie at Hotel Andorra Palace', 4752456, 16654, NULL),
(2933080, 'Xamfrà', 4752464, 16654, NULL),
(2933090, 'Taula Del Escale', 4752473, 16654, NULL),
(2933097, 'Restaurant Terra Alta', 4752480, 16654, NULL),
(2933104, 'Salvia D''Or Restaurant', 4752486, 16654, NULL),
(2933109, 'Diplomatic Restaurant', 4752491, 16654, NULL),
(2933124, 'Hotel Residencia Paris Restaurant', 4752506, 16654, NULL),
(2933133, 'Tastets', 4752514, 16654, NULL),
(2933143, 'Vilarrasa', 4752523, 16654, NULL),
(2933150, 'Celler del Vi', 4752530, 16654, NULL),
(2933169, 'L''Orri', 4752547, 16654, NULL),
(2933175, 'Hotel Restaurant Bellpi', 4752553, 16654, NULL),
(2933187, 'La Dama Del Lac', 1, 16654, NULL),
(2933212, 'Don Pernil', 4752589, 406357, NULL),
(2933220, 'Restaurant Viena', 4752597, 406357, NULL),
(2933230, 'Restaurant Borda Poblado', 4752606, 406357, NULL),
(2933238, 'Restaurant Parador', 4752613, 406357, NULL),
(2933244, 'Restaurant El Romesco', 4752618, 406357, NULL),
(2933262, 'The Red Lion', 4752635, 304523, NULL),
(2933273, 'Underground Sports Bar and Grill', 4752646, 304523, NULL),
(2933288, 'Bo & Gola', 4752661, 304523, NULL),
(2933300, 'Les Olimpiades Restaurant', 4752673, 304523, NULL),
(2933313, 'KSB', 4752686, 304523, NULL),
(2933323, 'Els Flocs', 4752695, 304523, NULL),
(2933331, 'Rapid Pasta', 4752703, 304523, NULL),
(2933340, 'Paddy''s Irish Bar', 4752712, 304523, NULL),
(2933350, 'Pas 83', 4752721, 304523, NULL),
(2933358, 'Restaurant El Provencal', 4752729, 304523, NULL),
(2933366, 'La Gratinada', 4752737, 304523, NULL),
(2933375, 'Refugi Llac dels Pessons', 1, 304523, NULL),
(2933385, 'Pizzeria Roma', 4752754, 304523, NULL),
(2933396, 'Hotel Font D''Argent Restaurant', 4752765, 304523, NULL),
(2933404, 'Chez paulo', 4752773, 304523, NULL),
(2933414, 'Little Rock Cafe', 4752783, 304523, NULL),
(2933425, 'Restaurant L''Husky', 4752794, 304523, NULL),
(2933439, 'La Copa', 4752808, 304523, NULL),
(2933451, 'el xalet suisse', 4752819, 304523, NULL),
(2933460, 'Pastisseria La Camarguesa', 4752828, 304523, NULL),
(2933469, 'Perla Negra', 4752836, 304523, NULL),
(2933476, 'Terrasses mumm', 4752843, 304523, NULL),
(2933485, 'Costa Rodona Restaurant', 1, 304523, NULL),
(2933493, 'Les Estrelles De Neu', 4752858, 304523, NULL),
(2933497, 'Hotel Cristina Restaurant', 4752862, 304523, NULL),
(2933505, 'Callblanc panoramic', 4752869, 304523, NULL),
(2933517, 'Pista negra', 4752881, 304523, NULL),
(2933524, 'Bar Brasserie Restaurant La Residencia', 4752888, 304523, NULL),
(2933532, 'Hotel Confort Restaurant', 4752896, 304523, NULL),
(2933541, 'L''Edelweiss Restaurant', 4752905, 304523, NULL),
(2933563, 'Lizarran', 4752923, 304523, NULL),
(2933574, 'Cerveseria Deja Beer', 4752933, 304523, NULL),
(2933584, 'Tôt', 4752942, 304523, NULL),
(2933591, 'Hotel Restaurant Mirtil', 4752949, 304523, NULL),
(2933600, 'McDonald''s', 4752956, 304523, NULL),
(2933609, 'Blau-Envalira', 4752964, 304523, NULL),
(2933617, 'Milwaukee', 4752972, 304523, NULL),
(2933626, 'Restaurant Le Fils D''Asterix', 4752981, 304523, NULL),
(2933634, 'El Gargantua', 1, 304523, NULL),
(2933644, 'Hotel Catalunya Restaurant', 4752998, 304523, NULL),
(2933653, 'Hotel Central', 4753007, 304523, NULL),
(2933658, 'Mezzo Di Pasta', 4753012, 304523, NULL),
(2933666, 'Mountain Diner', 1, 304523, NULL),
(2933673, 'Coll Blank KSB Restaurant', 1, 304523, NULL),
(2933682, 'Hotel Llac Negre Restaurant', 4753032, 304523, NULL),
(2933691, 'La Raclette Chez Gegene', 4753041, 304523, NULL),
(2933701, 'L''Xcentrik', 4753051, 304523, NULL),
(2933714, 'La Braza', 4753063, 304523, NULL),
(2933721, 'L''Adret Chez Le Gros Michel', 4753070, 304523, NULL),
(2933736, 'La Borda', 4753084, 304523, NULL),
(2933745, 'Hotel Sporting Restaurant', 4753092, 304523, NULL),
(2933754, 'La Cava Roca Hotel Panda Restaurant', 4753100, 304523, NULL),
(2933761, 'L''Estrada', 4753105, 304523, NULL),
(2933770, 'Tasta Olletes Quality Food', 4753114, 304523, NULL),
(2933781, 'El Carlit', 4753125, 304523, NULL),
(2933789, 'Havana Club', 4753133, 304523, NULL),
(2933797, 'Snack Bar Restaurant L''Oregon', 4753141, 304523, NULL),
(2933805, 'Les Delicies', 4753148, 304523, NULL),
(2933814, 'Cal Padri', 4753157, 304523, NULL),
(2933823, 'Hotel Restaurant de Les Neus', 4753166, 304523, NULL),
(2933838, 'Taverna Foc i Fum', 4753180, 304523, NULL),
(2933848, 'Snack Bar Bo', 4753190, 304523, NULL),
(2933856, 'La Graella Restaurant', 4753198, 304523, NULL),
(2933865, 'Edelweiss Hotel-Pub-Restaurant', 1, 304523, NULL),
(2933874, 'Restaurant Cal Ruiz', 4753214, 304523, NULL),
(2933880, 'La Taverna Del Pas', 4753220, 304523, NULL),
(2933890, 'La Granja', 4753228, 304523, NULL),
(2933906, 'Vodkabar Andorra', 5406296, 304523, 40),
(2933909, 'Sagres Restaurant', 1, 304523, NULL),
(2933942, 'Restaurant Borda del Tremat', 4753273, 16656, NULL),
(2933954, 'Hotel Grau Roig Restaurant', 4753284, 16656, NULL),
(2933962, 'La Cirera', 4753292, 16656, NULL),
(2933988, 'Solanelles Restaurants', 4753317, 16656, NULL),
(2933997, 'Bar Restaurant Funicamp', 4753326, 16656, NULL),
(2934006, 'La Sangria', 4753335, 16656, NULL),
(2934015, 'Can Fontcuberta', 4753344, 16656, NULL),
(2934023, 'L''oregon', 4753351, 16656, NULL),
(2934035, 'La Mosquera', 4753363, 16656, NULL),
(2934043, 'Shusski', 4753371, 16656, NULL),
(2934053, 'Pastisseria Casal', 4753380, 16656, NULL),
(2934062, 'Granja-Cafeteria Xocolati', 4753389, 16656, NULL),
(2934070, 'Restaurant Ca La Bruixa', 4753397, 16656, NULL),
(2934078, 'Snack-Bar Colibri', 4753404, 16656, NULL),
(2934085, 'Restaurante Piolet', 1, 16656, NULL),
(3568394, 'Un paseo por Andorra la Vella', 4026523, 16654, 81),
(3568402, 'Casa Rossell,Ordino', 5345457, 16659, 81),
(3568419, 'Casa Museo Areny-Plandolit', 5345461, 16659, 11),
(3568696, 'Sant Corneli i Sant Cebrià, Ordino', 5350696, 16659, 14),
(3575859, 'Un paseo por Ordino', 5379788, 16659, 81),
(3577498, 'Parking Vinyes', 5385947, 16654, 27),
(3581981, 'Encamp', 5393393, 16656, NULL),
(3582638, 'CMS', 5394299, 217787, 80),
(3583036, 'ANDORRA', 4024421, 16654, 131),
(3584613, 'Casa Tía Irma y Paco', 5396987, 16654, 11),
(3584664, 'Oh burguer', 5405078, 304523, 29),
(3584970, 'Vall d''Incles, Ordino, Andorra', 5424485, 16654, 126),
(3585957, 'YouTube ', 5398518, 16654, 80),
(3587034, 'RESTAURANT CAN FONTBERNAT', 5400878, 16656, 29),
(3590273, 'EL RAVAL ANDORRA LA VELLA', 4219473, 16654, 34),
(3590709, 'Inúu ', 5406460, 16657, 33),
(3590971, 'Juanita Banana', 5406892, 304526, 131),
(3591458, 'Restaurant El Piolet', 5408108, 304524, 29),
(3591460, 'Souperbar', 5408110, 304524, 29),
(3591462, 'Cabanes al bosc', 5408112, 304524, 72),
(3594563, 'Restaurant l''Era del Rossell', 5413383, 217787, 29),
(3595174, 'La noria ', 5414507, 16657, 81),
(3595303, 'Restaurant Borda l''Era del Rossell', 5413383, 217787, 29),
(3595802, 'mobles calabria', 5416496, 16656, 131),
(3598746, 'Giion', 4219473, 16654, 80),
(3603180, 'Hotel Panorama', 5429737, 16654, 81),
(3606877, 'Andorra Park Hotel', 5434641, 16654, 68),
(3606878, 'Apartaments Turístics Prat de Les Mines', 5434643, 307622, 73),
(3607460, 'La cima', 4219473, 217787, 18),
(3615877, 'Andorra la vella', 5448389, 16654, 80),
(3616527, 'Casa solera rodriguez', 5449197, 416746, 11),
(3617121, 'Adeje los olivos', 4219473, 416749, 31),
(3625899, 'Andorra la Vella', 4024421, 16654, NULL),
(3626104, 'Park hotel andorra', 5468716, 16654, 68),
(3626767, 'Andorra ', 5463218, 16654, 115),
(3630050, 'Cava Benito', 5467315, 16657, 27),
(3632313, 'Iglesia de Sant Esteve', 5469913, 304523, 14),
(3632873, 'Senderismo en Andorra con guía', 4219473, 16654, 53),
(3632882, 'Senderismo de montaña', 4024421, 16654, 53),
(3634320, 'Escaldes', 5474157, 16657, 112),
(3644638, 'Río Rialb', 5492847, 16659, 7),
(3644680, 'Refugio Vall de Sorteny', 5492864, 16659, 81),
(3644683, 'Paseos en Pony y Caballo en Naturlandia', 5492647, 16654, 87),
(3644684, 'Telesilla Creussants', 5492648, 16654, 81),
(3644687, 'Picnic en el Valle de Sorteny', 5492603, 16659, 81),
(3644688, 'Iglesia Sant Serni de Llorts', 5492869, 307622, 14),
(3644690, 'Iglesia Sant Martín de La Cortinada', 5492874, 308211, 14),
(3644766, 'Unahil Tunich Ditzya', 5492747, 217787, 125),
(3644856, 'Lago Creussans', 5492648, 16659, 2),
(3644859, 'Casco antiguo Andorra la Vella', 4026523, 16654, 81),
(3644860, 'Estany Primer Tristaina', 5492867, 16659, 2),
(3644871, 'Estación Funicamp', 4026769, 16656, 81),
(3644872, 'Coche eléctrico Vall d’Incles', 5492887, 217787, NULL),
(3644986, 'Calle Chihuahua', 5493012, 217787, 129),
(3645247, 'Puerto de Creussans', 5492648, 16659, 110),
(3645250, 'Telecabina del Funicamp', 4026769, 16656, 81),
(3645251, 'Autobuses 4x4 Grau Roig', 5493748, 304524, 81),
(3645254, 'Trekking Grau Roig – Lago Pessons', 5493748, 304524, 53),
(3645256, 'Carretera de la Vall d''Incles', 4024989, 217787, 114),
(3645258, 'Rio Manegor', 4024989, 217787, 7),
(3645293, 'Beccar', 5493796, 16654, 123),
(3645604, 'Lago d’enmig de Tristaina', 2723001, 16659, 2),
(3645608, 'Neveros de los lagos tristaina', 2723001, 16659, 2),
(3645612, 'Les Bordes de la Vall d’incles', 4024989, 217787, 81),
(3645613, 'Lago de més amunt de Tristaina', 2723001, 16659, 2),
(3645615, 'Reloj de agua', 5494395, 16654, 81),
(3645618, 'Plaça de la Rotonda', 5494400, 16654, 128),
(3645622, 'Avinguda Carlemany', 5494405, 16657, 129),
(3645623, 'Puente románico Ordino', 5494407, 16659, 81),
(3645638, 'Hotel Pitiusa', 5494427, 16654, 68),
(3645643, 'Restaurante Borda Pairal', 5494875, 16654, 29),
(3645650, 'Port d’Envalira', 5494879, 16654, 81),
(3645654, 'Frontera entre España - Andorra', 5494443, 217789, 81),
(3646133, 'Catorce', 5495517, 16654, 75),
(3646328, 'Mi viaje ', 5495922, 16654, 72),
(3646568, 'Chorro del Karumbe''y', 5496442, 304521, 75),
(3647039, 'Arena cordoba', 5497723, 16654, 80),
(3647120, 'Porto di Messina', 5497963, 16654, 80),
(3648072, 'Foto', 5499598, 217787, 72),
(3648121, 'C/ bruc 43, calafell', 5499855, 16654, 75),
(3649642, 'Restaurante Parador de Canolich', 5502663, 217789, 29),
(3649644, 'Hotel & Spa Xalet Bringué', 5502665, 416748, 68),
(3649646, 'Restaurante Hotel Xalet Bringué', 5502668, 416748, 29),
(3649965, 'Hotel Xalet Bringue Restaurant', 5503227, 416748, 29),
(3652935, 'ALICIA', 5509411, 304521, 73),
(3655133, 'Sears ', 5513493, 416749, 123),
(3655591, 'Sant Iscle y Santa Victoria', 5514525, 217788, 14),
(3655592, 'Oficina turismo La Massana', 5514526, 217788, 101),
(3655593, 'Café bistrotea.es', 5514525, 217788, 43),
(3655597, 'Serradora de Cal Pal', 5514534, 308211, 81),
(3655598, 'Sant Roc de Sornás', 5514686, 16659, 14),
(3655613, 'Oficina Turismo Ordino', 5347666, 16659, 101),
(3655614, 'Auditorio Nacional de Andorra', 5347666, 16659, 81),
(3655615, 'Auditorio Nacional de Andorra', 5347666, 16659, 81),
(3655617, 'Sant Jaume de Ransol', 5514566, 355951, 14),
(3655618, 'San Miguel de Engolasters', 5514921, 16657, 14),
(3655619, 'Hotel Camp del Serrat', 5514917, 16657, 68),
(3655731, 'Santuario Mare de Deu de Canolic', 5515032, 217789, 136),
(3655732, 'Santuario Mare de Deu de Canolic', 5502663, 217789, 136),
(3655733, 'Santuario Mare de Deu de Canolic', 5502663, 217789, 136),
(3657802, 'Andorra, te enamora', 5520291, 16654, 115),
(3658697, 'El versalles vermuts i més', 5523891, 16654, 34),
(3659518, 'Tosa de la Llosada', 5522892, 16656, 115),
(3659521, 'Restaurant Llac de Pessons', 5523710, 304524, 29),
(3659522, 'Portella', 5522896, 217787, 83),
(3659523, 'Riba escorxada', 5524587, 304526, 29),
(3659524, 'Restaurant Riba Escorxada', 5522898, 304526, 29),
(3659583, 'Restaurant Riba Escorxada', 5523267, 304526, 29),
(3660230, 'Nascer do sol', 5524773, 304521, 125),
(3660293, 'Pensió La Rosa', 5525413, 16654, 139),
(3660295, 'Valldnord Ski Resort', 5525232, 217788, 49),
(3660554, 'GRP Andorra', 4024421, 16654, 81),
(3662827, 'Ouro Preto - república ', 5528726, 304519, 125),
(3663076, 'La Terrasa', 5529354, 16654, NULL);


CREATE TABLE IF NOT EXISTS `subcategories` (
  `id` int(10) unsigned NOT NULL,
  `name` varchar(255) NOT NULL DEFAULT ''
) ENGINE=InnoDB DEFAULT CHARSET=utf8;


INSERT INTO `subcategories` (`id`, `name`) VALUES
(1, 'Cataratas'),
(2, 'Lagos'),
(3, 'Cuevas'),
(4, 'Reservas Naturales'),
(5, 'Bosques'),
(6, 'Islas'),
(7, 'Ríos'),
(8, 'Miradores'),
(9, 'Playas'),
(10, 'Jardines'),
(11, 'Museos'),
(12, 'Castillos'),
(13, 'Catedrales'),
(14, 'Iglesias'),
(15, 'Monumentos Históricos'),
(16, 'Estatuas'),
(17, 'Paradores'),
(18, 'Ayuntamientos'),
(19, 'Palacios'),
(20, 'Parques Acuáticos'),
(21, 'Zoos'),
(22, 'Safari'),
(23, 'Parques Temáticos'),
(24, 'Parques de Atracciones'),
(25, 'Centros Comerciales'),
(26, 'Zonas de Compras'),
(27, 'Tiendas'),
(28, 'Cines'),
(29, 'Restaurantes'),
(30, 'Centros de Internet'),
(31, 'Balnearios'),
(32, 'Centros de Belleza'),
(33, 'Spa'),
(34, 'Bares de Tapas'),
(36, 'Interés Gastronómico'),
(37, 'Casinos'),
(38, 'Boleras'),
(39, 'Discotecas'),
(40, 'Bares de Copas'),
(41, 'Zonas de Copas'),
(42, 'Salas de Conciertos'),
(43, 'Cafeterías'),
(44, 'Estadios'),
(45, 'Circuitos de Carreras'),
(47, 'Escalada'),
(48, 'Rafting'),
(49, 'Esquí'),
(50, 'Campos de Golf'),
(51, 'Campos de Fútbol'),
(52, 'Carril bici'),
(53, 'Senderismo'),
(54, 'Gimnasios'),
(55, 'Paintball'),
(56, 'Pistas de Tenis'),
(57, 'Pistas de Padel'),
(58, 'Polideportivos'),
(59, 'Kite Surf'),
(60, 'Skate'),
(61, 'Surf'),
(62, 'Paracaidismo'),
(64, 'Competiciones Deportivas'),
(65, 'Fiestas'),
(66, 'Conciertos'),
(67, 'Musicales'),
(68, 'Hoteles'),
(69, 'Casas Rurales'),
(70, 'Hostales'),
(71, 'Bungalows'),
(72, 'Apartamentos'),
(73, 'Aparthoteles'),
(74, 'Campings'),
(75, 'Aeropuertos'),
(77, 'Estaciones de Tren'),
(78, 'Estaciones de Autobús'),
(79, 'Pantanos'),
(80, 'Acantilados'),
(81, 'De interés turístico'),
(82, 'Exposiciones'),
(83, 'De interés cultural'),
(84, 'Coffee Shops'),
(85, 'Teterías'),
(86, 'Cabaret'),
(87, 'De interés deportivo'),
(88, 'Club deportivo niños'),
(89, 'Jet Sky'),
(90, 'Wakeboard'),
(91, 'Ciudades de descanso'),
(92, 'Teatros'),
(93, 'Hamman Turco'),
(94, 'Espectáculos'),
(95, 'Embajadas'),
(96, 'Consulados'),
(97, 'Comisarías'),
(98, 'Estaciones de Bomberos'),
(99, 'Hospitales'),
(100, 'Centros de Salud'),
(101, 'Información Turística'),
(102, 'Mercados'),
(103, 'Ruinas'),
(104, 'Zonas Recreativas'),
(105, 'Hípica'),
(106, 'Resorts'),
(108, 'Volcanes'),
(109, 'Cañones'),
(110, 'Puertos'),
(111, 'Calas'),
(112, 'Pueblos'),
(113, 'Fiordos'),
(114, 'Carreteras'),
(115, 'Ciudades'),
(116, 'Cementerios'),
(118, 'Selva'),
(119, 'Patios'),
(120, 'Mezquitas'),
(121, 'Mercadillos'),
(122, 'Universidades'),
(123, 'Albergues'),
(124, 'Moteles'),
(125, 'Bahías'),
(126, 'Valles'),
(127, 'Sitios insólitos'),
(128, 'Plazas'),
(129, 'Calles'),
(130, 'Pueblos de vacaciones'),
(131, 'Abadías'),
(132, 'Ciudadelas'),
(133, 'Ksars'),
(134, 'Sinagogas'),
(135, 'Charcas'),
(136, 'Templos'),
(137, 'Yacimientos Arqueológicos'),
(138, 'Desiertos'),
(139, 'Pensiones'),
(141, 'Bodegas');


CREATE TABLE IF NOT EXISTS `zones` (
  `id` int(10) unsigned NOT NULL,
  `name` varchar(255) NOT NULL DEFAULT '',
  `country_id` int(10) unsigned NOT NULL DEFAULT '0'
) ENGINE=InnoDB DEFAULT CHARSET=utf8;


INSERT INTO `zones` (`id`, `name`, `country_id`) VALUES
(85, 'Andorra la Vella', 224),
(87, 'Encamp', 224),
(88, 'Escaldes-Engordany', 224),
(90, 'Ordino', 224),
(3572, 'Canillo', 224),
(3573, 'La Massana', 224),
(3574, 'Sant Julià de Lòria', 224);




